:100006006368697049442041373D0046575665721A
:100016002041393D0048454C4C4F572145415354EA
:10002600524953494E470045522D544654303230BA
:100036002D3700851B025A1A9B12BB12BB1ABC0A2B
:10004600BB22DC333C12BC12BB12BC12BC12BB126C
:10005600BB12BB129B0A7B1ADC1AFB22DB0ABB1201
:100066009B12BA12BA12BA12BB12BB12BB12BB1245
:10007600BB12BB12BA12BA12BA12BB12BB12BB1215
:10008600DA12DA12DA12DA12DA12FA12F91AFA199C
:100096006A1061108210620841084108620862080D
:1000A6006108611062086108611062108210821096
:1000B600821082108210621062106210621062104A
:1000C600821062106210A32125318631C83A4B4254
:1000D6008C31A718C310830882086118C318C30897
:1000E60082108218C318E418C310C308A318E421A9
:1000F6004619252145088210C308620021084108D7
:10010600421083294531A731864A6A52AC39C72144
:1001160004084110C4190619F112D912B80AB80216
:10012600786C9B851B025A129B12BB12BB0A9B2B37
:100136005B6C9B4BDB439C0A9C12BC12BB12BB1232
:10014600BB0A7B22DA645A4BDA641953FA5C5B1AEF
:10015600DA0A9A12BB12BA1ADA129B129B129B1275
:10016600BB12BB12BB12BB12BB12BB12BB12BB1221
:10017600BB12DB12DA12DA12DA12F9131A1A10109B
:1001860083088208620861084108411082086108F4
:1001960061086108611082108210620861086110AE
:1001A6006210620861084108410841086110A21006
:1001B6008210621062106218A32945424B4A6B39BD
:1001C600E8292520C3292418A220C3290418A31826
:1001D600C3210418C3108210821083190410A319B6
:1001E60005212518E410A310C308620862086210EE
:1001F600A3086220E44A29524A39E84AAB4A293917
:10020600E8296610A3190821AD127612B90AB802B8
:10021600786C9B851B0A5A12BB129B12BB0A9B6405
:100226005B22FB231C53FB0A9C12BC12BB12BB0AAB
:100236009B2B1A6C9A2B3A129B853C12BB3BBB5CE0
:100246005C025B027B543B43BA0A7A129A129B12F7
:10025600BB12BB12BB12BB12BB12BB12BB12BB1230
:10026600BB12DB12DA12DA12DA12FA1A9610E40864
:100276006108620861084108410861108208610846
:100286006108610861106208610841106210620825
:10029600410841084108410861108218C318A308A3
:1002A60061086218A318C42146426C428C3209398F
:1002B600E9292641E84186398639C731662924214C
:1002C60024210410621082108210A3210521251911
:1002D6000418E4088308620842086208620862108B
:1002E600A318E418C339C86ACC62ED4A8B4A8A312E
:1002F600A729662946190921CF19F112B912D80280
:10030600786C9B8D1B025B12BB337B0A7C231B64C0
:100316009B12BB749B2B7A0A9B12BB0ABB12DA0296
:100326003A6CDA43BA025A3B9B437A023B4BDA8574
:100336003C335B129B5C1B129B12BB12BB12BB12A3
:10034600BB129B12BB12BB12BB12BB12BB12BB125F
:10035600BB12BA12DA12BA12DA12DA198C0881084A
:1003660082086208410842084108410841086108BC
:100376006108610841086110820862086108410845
:1003860041084108410841084108410861086110D7
:100396008218E4290529A8320A39E939A73A093128
:1003A6008739C8522849C731862945312529452923
:1003B6004518C318A318A218C4190518E421252145
:1003C6000410A310830862086208620882212521AE
:1003D600042125190421454229630D52AC424A42A3
:1003E6002921252145214819F321D0127612D90257
:1003F600786C9B851B025B129B5C1B335B647B7476
:100406009B4BFB84FB2B3A43DB7CFB4C1C647B6CD9
:10041600BB333C6C9B3B7A6C9A335B43DB9D9C64A1
:100426003A53FA439A645B335B0A9A129B129B1205
:100436009B129B129B12BB12BB12BB12BB12BB12AE
:10044600BB12BB12DA12DA12DA1A3210C3086208C9
:10045600620842106208620862086110821062082F
:1004660061084108611061086108410841084108B6
:100476004108410841084108410841084110A218B5
:10048600C318C321043165316639C8420939A73119
:100496004552065207418631453965398631452828
:1004A600E420E320E429452986296621451904210B
:1004B6000418C30862086208620842084218C33971
:1004C600C7422839E819042966424A528B39E83965
:1004D600C8316518A319071A1321F11A3512D90262
:1004E600796C9B853B025B2B3B645C74DBAE1C33F7
:1004F6005B333B4BDC5C5BB65B955B5C5B9D9A7DE3
:100506001B0A9C025B439B953A541A53DC6C5902B6
:100516001A3B7B84F98D59541B0A7B129A129B1243
:10052600BB12BB129B12BB12BB12BB12BB12BB127D
:10053600BB12DB12DA12BB22781928108308830853
:100546006208621082106210A310820861084108D6
:1005560061086108410861086108610841084108AD
:10056600410841084108410861108218C318A318C0
:100576008218C329243965422A4A4B524949C65A28
:10058600276A475A2851C649A641C7294528E43152
:100596002441C7528B42493A2929A72986190418AA
:1005A600E418C40862084210620862084208412141
:1005B600044A695ACB3A0818E42105424A528B315B
:1005C60086294518A310A419F11A321A3312B80253
:1005D600796C9C853B023A647A43BB541B7CDB4BAB
:1005E600FA4BFC6C9B8D5CA5FC4B7B9D7C6CBC6CC0
:1005F600BC12DA0A7C647A3B7B025C1ADB6CBA4B6F
:10060600FA5C1A84FB6CBC3B9B0A7B12BB12BB12C6
:10061600BB12BB12BB12BB12BB12BB12BB12BB126C
:10062600BB12BB12DA1ABB19F210830883088208C0
:10063600620882108210A210A208610841084108CF
:1006460061084108610841086108610861084108BC
:10065600421082106210621082210418A3106220D8
:10066600A328E431454209528C5A8A62896AA972E2
:10067600C972CA62896A4752083966392541A65A3B
:1006860048734C632C5B0C5AEC428A29A721251827
:10069600C4108208620862086218C3108310A3217E
:1006A6000439E752AA4A6A21462105318639E839D2
:1006B600C829452104108219AF1A341A3312780258
:1006C600796C9C853B025B231B5C9B541B0ABB1A03
:1006D600FB439C2B1B6C9B1AFA12FB335A0A9A3368
:1006E6007A12BB0ABC2B3A12BB129C0A7B231B3B19
:1006F6007C129B0A9B1ADA2B1A0A9B129B12BB12BC
:10070600BB12BB12BB12BB12BB12BB12BB12BB127B
:10071600BB12BB12BA1A9818E7088210A3088208FF
:1007260062088210A3108208410861084108410846
:100736004108411082084108610861086110621091
:100746008310831062108318C318C318A228E329E4
:1007560004310541A75AAB6AEC734D732C7B0B7BB6
:100766002A72E97288624841A651E751E76AA98B65
:10077600AD8BCE6B2B6B4C6B6D52CB39E818C4101E
:10078600A3108208620862084210A3292518C42112
:100796002429664A8A52AC31C7212531E931872995
:1007A6004618E418E418E3198C1A551A1312750240
:1007B600786C9C853C027B0ABC0A9B0A9C12DB1265
:1007C600BC6CBA5C5A3BDB12DC337B2B5B335B3392
:1007D6005B2B3B233B2B5B335A2B3B335B43DA2BA5
:1007E6005B22FA335A339A12BB12BB12BB12BB12EC
:1007F600BB12BB12BB12BB12BB12BB12BB12BB128B
:10080600BB12BA12DB19CF108210A3086208620865
:100816006208621082108208410861084108410896
:1008260041084108410861106208610861108210A0
:10083600621061188218A220A328C328E328C331B6
:10084600244A0862AA72EC732C7B2C7B2B832A83A6
:10085600097AC85A4851E7622862488B6CAC70AC7A
:10086600709C0E8BAD6B0B5AAA52AA4A6A2946187F
:10087600C41083088218A3108310A32104316629AB
:100886002410C3296652CC426A21452987422A2967
:100896008718E418C318A318E71A551A341A55020C
:1008A600786C9C853C025B12DC12BC12BC12DC0A22
:1008B600DC231B337B0A9C2B7B8D5C6CDC751C75E7
:1008C6001C6CBC43BA857B7D3B74FA647B647B54A9
:1008D6001B647B6C9A7D3B22FB0ABB12BB12BB12CC
:1008E600BB12DB12BB12DB12DB12DB12BB12BB121A
:1008F600DB12DC1A7718E610830882088208821059
:1009060082084208620861084108610841084108F6
:100916004108410841086108410841086210621017
:1009260062188228E328E328C328A328E33924523F
:100936000862896ACA6AEB7B0B832B8B4B8B8B8392
:100946000A62485A286A897AEAC4B1E595DD75CD06
:1009560013B490BCB1A44F72EA62AA526939A729AE
:100966000518A3108218A3212518C32945318542ED
:100976002718E3086229A7424A31A7296631E931D7
:10098600A7214520E418A418E51A131A5622550281
:10099600996CBC853B025B12BC12BC12BB12BC122A
:1009A600BC0ABB0ABB12DC12BB1AFB12BB1ADB1257
:1009B600BB1AFB3B9B1AFB1AFB1B1B1ADC129B1276
:1009C600DB1AFB12BB12BB12DB12BB12BB12BB1231
:1009D600BB12DB12BB12DB0ADB12FC12DB12DB12D0
:1009E600DB1ABB21AF10A3108310A3108308620883
:1009F6006208420862086108610841084108410826
:100A060041084108410841084110621082106220E5
:100A1600A330E428E420C320A33104418651E762D1
:100A26006862CB6AEB836B8B6B93AD93AD732B5A7A
:100A3600686A487A889B8CDD74F618EE17E5F6DD51
:100A460054CD12CCF1BC909BED72EA5A2841A631E6
:100A560025290518C418E429462946318731A552A7
:100A660048420721042105424A2986298731E93966
:100A7600C82146210418C418C521F11A961A740211
:100A8600B96CDC8D1B025B12BB12BC12BC12BC1211
:100A9600BC12BC12BB12DB12BC12BC12BC12BC12C2
:100AA600BC129B0A9B12BB12BC12BC12BB12BB121D
:100AB6009B129B12BB129B12BC12BC12BC12BC1224
:100AC600BC12BC12BC12BB12DB0ADC12DB12BB125C
:100AD600BB227719271083088310831082086208C7
:100AE600620842086210610841084108410841084D
:100AF6004108410841084110621082188218A2314B
:100B06000430E420A320A3390549865A4862696265
:100B160089730C834C93AC8BAD8B8D730B526972BE
:100B2600C98309B44FEDF7F658F658F658EE37E58F
:100B3600D5E594DD52BC8FA3EC938B62A852074196
:100B4600863145292529462125316631A731A74A0F
:100B5600284A2821451904318739E7298729CA29CE
:100B66008718E4210418C418A3198E12971A540280
:100B7600796CBC8D1B025A12BC12BC12BC12BC1280
:100B8600BC12BC12BB12BB12BB12BC12BC12BC12F2
:100B9600BC12BB12BB12BB12BC12BC12BB12BB12E4
:100BA600BB12BB12BB12BB12BC12BC12BC12BC12D3
:100BB600BC12BC12BC12DB12DB0ADC12DB12BB1A43
:100BC600BB21CF10C3108310A4108308420842082B
:100BD600621062086208410841086108610841081C
:100BE600410841086110621082188218A328E4287F
:100BF600E428C330E3414551A6624862686AA97B8E
:100C06002C8B6C836C832B7B0B734C62CA7B0AA385
:100C1600CDCD13F679F699F699F679F678F637ED9D
:100C2600F6EDD5E593BCB0A3EC9BED8B4B6248513A
:100C3600C64186290429052925296539E839E94A5D
:100C4600695ACA31C8190410C32965316629A82111
:100C56004618C418C418C418A319291A751A5502B7
:100C6600786CBC8D3C025B12DC12BC12DC12DC120E
:100C7600BC12BC12BC12BC12BC12BC12BC12BC12FE
:100C8600BC12BB12BB12BB12BB12BB12BC12BB12F4
:100C9600BB12BB12BB12BB12BC12BC12BC12BC12E2
:100CA600BC12BC12BC12DC12DC12FC12DB12DC1A07
:100CB600771105108310A310A30842086208620882
:100CC600620862084108410841108208610861080B
:100CD6004108411061108218A3106220C320C32866
:100CE600A3390449455A0762276A6872A97B2B7B98
:100CF6000A7AE9830A836C7B6D6AEB832CAC50D548
:100D060054FE79FE79F69AF69AF69AF679F658EE40
:100D160016EDF5E594CD11B44EA3CC9BAC7AAA5A48
:100D26002849A6398621053166294541E839E9521F
:100D3600CB6B4D4A8B18E410C318C331862947196B
:100D46000518C418E418C418A318E61A351A570269
:100D5600786CBC853C027B12BC12BC12BC12DC1245
:100D6600DC12BC12BC12BC12BC12BC12BC12BC12ED
:100D7600BC12BB12BB12BB12BC12BC12BC12BB1201
:100D8600BC12BC12BC12BC12BC12BC12BC12BC12ED
:100D9600DC12BC12BC12DC12DC0ADC12DB1ABC212F
:100DA6008D0862088318C3106210821082086208D8
:100DB6006208420862086108611082084108410819
:100DC60041108210821082106218A328C328C341E2
:100DD6002451A6622862276A677AEA834B7AE97AFF
:100DE600E98B6A8B8C732C6AEB8B6DB450DDD6F66F
:100DF60079F679FE7AFE9AF69AF69AF659F638EE6A
:100E060017EDF5E5B4DD53CCF1AC0D9BAC8B2B6A3D
:100E1600A9520741C73967290541C73186426B3A4E
:100E26002A5B0E5B0D298610A310822945294718D7
:100E3600E510A410C318C4188310C619F31A570274
:100E4600586CBC853B025B12DC12DC12BC12BC1275
:100E5600BC12BC12BC12BC12BC12BC12BC12BC121C
:100E6600BC12BB12BB12BB12BC12BC12BC12BC120F
:100E7600BC12BC12BC12BC12BC12DC12BC12DC12BC
:100E8600DC12DC12BC12DC12DC12DC12FC1A781842
:100E9600C510A310C41082108310A308820842084C
:100EA600410862086208610861084108410861104A
:100EB60082108210621061188228E330E3412551C6
:100EC600A65A0662476A887AE97B0A6A8883099382
:100ED600AB836B62AA6ACA938CB4B1E5D6F658F6B0
:100EE60079F679FE7AF69AF69AF699F659F638F67A
:100EF60037F616EDF5ED94DD32BC6FA3EC938C7BE3
:100F06000B5A4849E74A292925318642083A093ABF
:100F16004B4AAC5B0D3A0818E410A229452967181C
:100F2600E518E5108318C320E410C419D01A780A0E
:100F3600586CBC8D1B025B12BC12DC12DC12BC129C
:100F4600BC12BB12BB12BB12BC12BC12BC12BC122E
:100F5600BC12BB12DB12BB12BC12BC12BC12BC12FE
:100F6600BC12BC12BC12BC12BC12BC12BC12DC12EB
:100F7600DC12DC12DC12DC12DB12DB12FD19CF08EC
:100F86006210A410A410A40883086208620841082D
:100F96006108620862086108410841086110821010
:100FA6008210821062188328C330E3498562286A5A
:100FB600886AA772C87AE972C96A67832A9BCC8352
:100FC6004A62AA6AAA8B8CBCD2E617F678F679F63C
:100FD60079F679F69AF69AF69AF699F679F658F631
:100FE60037F616EE16EDD5E593CCD0B44E9BCD8BE9
:100FF6006B6AA941E74A6A4A4A20E44A4A31C83A32
:101006004B3A2A4AAC424A31A7108218A321251925
:1010160005192518C410A318A418A319AE1AB802E6
:10102600586CBC8D3B025B12BC12DC12DC12BC128B
:10103600BC12DB12BB12BB12DC12BC12BC12BC12FD
:10104600BC12BB12BB12BB12BC12BC12BC12BC122D
:10105600BC12BC12DC12BC12BC12DC12DC12DC129A
:10106600DC12DC0ADC12DC12DB12FC1ABA10E61007
:10107600A310A410A3086208420862086210621056
:1010860082086108610861084108611082106208DF
:1010960061106218A220C3310449A65A4872C97A5F
:1010A600E983297B096A8872A88B6B9BEC7AE962D3
:1010B60048628893ADCD13EE37EE58F678F679F69A
:1010C60079F69AF69AF69AF69AF699F679F678F6FF
:1010D60058F637F636EDF5E5D4DD72C48FA40D9BD0
:1010E600AC7B2A4A0839C74A6A210531874A4A3100
:1010F600E93A2A424A424A318620E3108218E40835
:101106006218E418E4108218A318C4198D1A980AF4
:10111600586CBC853B025B12DC12DC12DC12DC1262
:10112600DC12DC12DC12DC12DB12BB12BB12BC12AC
:10113600BC12BC12BC12BC12BC12BC12BC12BC1239
:10114600BC12BC12BC0ABC12DC12DC12DC12DC12B1
:10115600DC0ADC12DC12DC12DC0B1C1A3310A410C5
:10116600A310830862108310820842086210820866
:1011760061086108610861086110821082084110E7
:10118600621082188228E349E762887B0983098B0B
:101196002A832A6A677B0993CBA3ED7AC962276201
:1011A60047938CCD53EE17EE58F658F679F679F646
:1011B6009AF69AF69AF69AFE9AFE9AFE99F679F6B3
:1011C60078F657F637F616EDF5E5B3D511B44EA316
:1011D600AC8B6B5A68398639C741E82105424A3AD1
:1011E600093A09424A3A0921452124108220E40895
:1011F6004110A318C4106210A318C3198D12780ADF
:10120600586CBC853B027B12DC12DC12DC12DC1251
:10121600DC12DC12DC12DC12DC12DB12BB12BC129A
:10122600BC12BC12BC12BC12BC12BC12BC12BC1248
:10123600BC12DC12BC0ADC12DC0ADC0ADC12DC1290
:10124600DC12DC12DC12DC0AFC12FC198C10A31076
:10125600830862106210A3086208420862108208BE
:1012660061084108611082108210A210611082107C
:1012760082188220A2290452287B0B7B098B4A8381
:101286000972A88B2A9BCCA40D830A62686A688BB4
:101296006CD574EE17EE37F658F679F679F699F6B8
:1012A6009AFE9AFE9AFE9AF69AF69AFE99F679F6BA
:1012B60078F658F657F636EDF5E5D4DD73CCD0ABB7
:1012C600ED8B8C62A9398629454229294529664232
:1012D6002931C739E84A8A296610A21082210408F2
:1012E6006210A318C40862108310A2198C1A770220
:1012F600786CBC853C027B12DC12DC12DC12DC1240
:10130600DC12DC12DC12DC0ADC0ADC0ADC12BC129F
:10131600BC12DC12DC12DC0ADC0ADC0ADC12DC128F
:10132600DC12DC12DC12DC12DC12DC0ADC12DC124F
:10133600DC12DC0ADC0AFC0AFC1A99190710A3085D
:1013460083086208620862086208621083086208FD
:10135600410841106210A210820861108218A2286A
:10136600E328E320C3210439656248834B7AEA7295
:10137600A893AC9BCCA40C7B0A6268626893ADDD33
:10138600B5EE17EE37F657F658F679F679F699F67A
:101396007AFE9AFEBAFEBAF69AF699F679F679F6D2
:1013A60078F658F657F636F615EDF4E593D511B4FA
:1013B6004E93CD6AEA318620E4298631A718A339EF
:1013C600C739E72965424931A71082086120E41030
:1013D6008210A318E41083084218A2194B1A55026A
:1013E600996CBC853C027B12DC12DC12DC12DC122E
:1013F600DC12DC12DC12DC12DC12DC12DC12DC1277
:10140600BC0ADC12DC0ADC0ADC0ADC12DC0ADC12AE
:10141600DC12DC0ADC12DC12FC12DC12DC12DC123E
:10142600DC12DC0ADC12DC0AFD1A1318E510A3082C
:101436006208620862086208621082108208420826
:101446004108621082108208611062188320C33935
:101456004451E74165290320E33165628972A99306
:10146600AD9BEDA42E830A6A686A68936CD594E6F0
:1014760016EE17EE37F638F678F679F679F69AF626
:101486009AFEBAFEBAFEBAF69AF69AFE99F679F678
:1014960078F657F657F657EE16EDD5E594DD32BCDD
:1014A6008F93EC732C41A718C42125318721042181
:1014B600043186292539E731A618C3086118C310F7
:1014C600831082292510A308621882196A1A7502E8
:1014D600986CBC853C027B12DC12DC12DC12DC123E
:1014E600DC12DC12DC12DC12DC12DC12DC12DC1286
:1014F600DC12DC0ADC12DC12DC0ADC0ADC0ADC0A9E
:10150600DC12DC0ADC0ADC12DC0ADC12DC12DC127D
:10151600DC12DC12DC12DB12DB218D1906108410C2
:10152600620862086208620862108208620841085E
:10153600421062106210821082108220A339656AFE
:10154600897B2A72EA5A07312428E441867B2B8B51
:10155600AC9BED7B0A6A886A88938CDD54E5B5E519
:10156600F6EE17EE37F658F678F679F69AF69AFE0C
:10157600BAFEBAFEBAFEBAFE9AF69AFE99F679F65F
:1015860058F657F657F657F636EDD4E594DD52C4BD
:10159600B093CC732C422818C410A318E421251844
:1015A600C4210529052945212518C3108210A31039
:1015B600A3106218C418C40862108321481A540282
:1015C600B964BC853C027C0ADC12DC12DC12DC123B
:1015D600DC12DC12DC12DC12DC12DC12DC12DC1295
:1015E600DC12DC0ADC0ADC0ADC0ADC0ADC12DC0AB5
:1015F600DC12DC12DC0ADC0ADC0ADC12DC12DC128D
:10160600DC12DC12DC12FC1A79214810C41083109B
:101616006208620862108210A310820862084108FC
:10162600621062108210821082188218A33145520D
:1016360007730A8BAC834B6207496539455A488361
:101646006C72A95A076A888B2AD532DD94E5D5EDE6
:10165600D5EE16EE17F658F679F679F69AF6BBFE3B
:10166600DBFEDBF6DBFEDBFEBAFE9AF699F678F6D3
:1016760078F658F657F657F616EDD4E593DD52C4CC
:10168600D09BED6B2B4249212510A310A3210420EA
:10169600E418E42104314529451082108210A31074
:1016A600A310A308620862086210A419291A53023B
:1016B600BA6CBC853C027C0ADC12DC12DC12DC1241
:1016C600DC12DC12DC12DC12DC0ADC12DC12DC12AC
:1016D600DC0ADC0AFC0AFC12DC12DC12DC0ADC1274
:1016E600DC12DC12DC12DC0ADC0ADC0ADC12DC129C
:1016F600DC12DC12DB12FC1A56192610C408621022
:101706006210821082108310A308620842086210D9
:101716006110821082108218A21082210420E339FF
:10172600656289838E93CE72C95A06396549E66227
:10173600685A0662278B4BCCF1DD53E5B4E5D5E557
:10174600D5EDF6EE17F658F679F69AF6BBFEDCFE00
:10175600FCFEFCFF1CFEFCFEDBFEBAF699F698F6D4
:1017660078F678F657F637EDF5EDB4E573D531C46E
:10177600B093EE6B4C4A49214518E410A319042195
:101786000529462945290429451062084118C31030
:101796008318A3086210A310A310A4192A1A5402CE
:1017A600BA6CBC8D3C027C12FC12DC12DC12DC1220
:1017B600DC12DC12DC12DC12DC12DC12DC0ADC0AC3
:1017C600DC0ADC0AFC0AFC12DC12DC12DC0ADC1283
:1017D600DC12DC12DC12DC12DC0ADC0ADC0ADC12AB
:1017E600DC12DC12DC12DC1A54214710A408821029
:1017F60083108210821083086208420862108210E9
:10180600821082108220C320E34A8A4A6A10A218F4
:10181600E331656B4D730B834B72C951C551E65964
:10182600E661E682EABCB0CD12DD73E5B4E5D5E546
:10183600D5E5F5EE17F638F659F679F69AFEDBF6A3
:10184600FCFF3DFF5EFF3DFEFCFEDBFEBAF699F6B1
:1018560098F678F657EE36EDF4E5B3DD73D4F1BCC1
:10186600908BEE6B4D526A2966212510C41904210E
:1018760005212520E420E4316518C3084118A3108A
:10188600831082108310A408A31084194B1A330204
:10189600BA6CBC8D3C027B0ADC12DC12DC12DC1258
:1018A600DC12DC12DC12DC12DC0ADC12DC12DC0AD2
:1018B600DC0ADC12DC12DC12DC12DC12DC0ADC0ACA
:1018C600DC12DC12DC0ADC0AFC0ADC12DC12DC129A
:1018D600DC12DC12DC1ABB2212214818A410831079
:1018E600A310821082108308620862108210821090
:1018F60082108220E4396541E773D131C818620845
:10190600624A494A4962CA836D7B2B6A4759E6593E
:10191600E67AE9A42EC4B0D512DD74DD94E5B5E50A
:10192600B5E5D5E5D6E5F7E618EE38EE58EE79F6E4
:101936009AFEDCFF3DFF5EFF3EFEFCFEBBFE99F617
:1019460079F678F657F615EDD4E593DD52CCF1B479
:101956008F8BCE632C424A29871905190519052153
:1019660025210420E420E4290418C3084118C410E2
:1019760083108310831083088210A5218C1A3202EB
:10198600DA64BC8D3C027B0ADC12DC12DC12DC124F
:10199600DC12DC12DC12DC12DC0ADC12DC12DC12D9
:1019A600DC0ADC12DC12DC12DC0ADC12DC12DC12D1
:1019B600DC0ADC0ADC0ADC0AFC0ADC12DC12DC12B9
:1019C600DC12DC12BB1A9A2214214810C310A41090
:1019D600A3108310A3108208621082108210821056
:1019E600A220C341C65228624883AF3A09002108A3
:1019F600413966290441C7730C83CE6AA8622672F0
:101A0600888B8CA44EBCB0CD12DD73DD94DDB4DDC5
:101A160094DD94CD54C514B492B4B2B492B4D2C584
:101A260035D596EE39F6BCF71DFEFCFEDBF69AF6CA
:101A360079F658F636EDF5E5B4E573DD32CCD0B47B
:101A46004F8BCD630C424A298721672967212618C7
:101A5600E4210418E418A320C320E4108220E41033
:101A660062106218A3086210631907218B1A5402C8
:101A7600BA6CDC8D3C027C12FC12FC12FC12DC12ED
:101A8600DC12FC12FC12FC0ADC0ADC0ADC0ADC0AA8
:101A9600DC0ADC0ADC0ADC12FC0ADC12DC12DC0AD8
:101AA600DC12DC0ADC0ADC0AFC0ADC12DC12DC12C0
:101AB600DC12DB1ABA12DB22752148088210831069
:101AC600A318A310A31082108218A310A218C32073
:101AD600E341C652276ACA72A9832B6ACB29042915
:101AE600043145530D7C1162CB7B6D72C972A87AA5
:101AF600EA8BACAC4FC4D1D533DD74DD94DDB4D5FF
:101B060073C512B49193CE730B72EB62AA62AA6A82
:101B1600CB730C93AFA431B4D4C535D5B7E639F63B
:101B260059F658EE36EDD4E593DD52D512C4D0AC55
:101B36004E8BCD5AAA3A0929A72987214621462143
:101B46002510A3292518C420C318C3108218C31052
:101B560083084210A3108210A5194A19481255028B
:101B66009A6CBC853C027C12DC0AFC0AFC12DC1274
:101B7600DC12FC0AFC0AFC0AFD0AFD0AFD0AFC0A44
:101B8600FC0AFD0ADD0AFD0AFC0AFC0ADC0ADC1274
:101B9600DC12DC0ADC0ADC0ADC0ADC12DC12DC12EF
:101BA600DC12DB12BA1ADA22771948108310A31056
:101BB6008318A3108310621082188218C229045257
:101BC6002862A86ACA7B4B83AD8BAE8B8E7B4D8316
:101BD6004D83D0B5999CD45A4893CF836C72E972E1
:101BE600EA93ADB490CD12D573DD94DDB4DDB4D5F2
:101BF60053BCB0A42E93AD8B8D7B0B6ACA5A895AFF
:101C06004849E852495A4972CB72EC7B2D93F0C58C
:101C160014E5F7EE16E5D4DD73DD52D512C4B0AC8B
:101C26002E838C5AAA31A7298729A8216621252126
:101C3600460862212520E418A318E310A210A31079
:101C4600A3086210A3108218E7196A1929129702CD
:101C5600B96CBC853C027C12FC0AFC0AFC12DC1244
:101C6600DC12FC0AFC0AFC0AFD0AFD0AFD0AFC124B
:101C7600FD0AFD0ADD0AFD0AFC0AFC12FC12DC1252
:101C8600DC0ADC0ADC12DC12DC0ADC12DC12DC12F6
:101C9600DC12DB12DB12DB22361906108310A318C6
:101CA600C418C41082106218C220C3290449E873FC
:101CB6000B838C8B8D8BAD93CE9C0F9C30A430B454
:101CC60071B4D4AC51834C6207AC92940E7B2A7BE0
:101CD6002A9C0EBCF1D574E5B5E5D5E5D5DD94D5E0
:101CE60033BCB0B46FAC4FA42FA40E9BCD93AD9B69
:101CF600CD93AC93ADA410B472B492AC728B8E7BC0
:101D06004DA450DD95E594DD73DD53DD32CCF0B4A2
:101D16006E836B526931A72987298721462146217F
:101D260025106218C318E418A318C3108218A31844
:101D3600A310621062084110E6198B194B0AD902EA
:101D4600B96C9C853C027C12DC12DC12FC12DC12A3
:101D5600DC12FC0AFC0AFC0AFC0AFC0AFC0AFD0A64
:101D6600FD0ADD0ADD0AFD0AFD0AFD0AFD0AFD0A75
:101D7600DD0ADC12DC12DC12DC0ADC0ADC12DC1204
:101D8600DB12DB12DC12DA22322127108310A421A7
:101D96000518C41062108218C328E349E8628A8BCA
:101DA600ADA42EA40F9C0F93EE8BCE9C0FA450AC2B
:101DB60071B4B3A452A451938DB4B2940F7B4B8BE0
:101DC6006CAC90CD73E5D6EE37EE37EDF6DDB4CDDF
:101DD60032C4AFBC6FB44EAC4EAC4FB44FBC90C423
:101DE600D1CD12D533DD74E5B6EDD7EE39DDD7BCEE
:101DF600B38B6DA430D574DD73DD53D532D511BCEC
:101E06006F834B5228316629882987296731A8298B
:101E16004618A310A318C418A318C3108210A32928
:101E26002510820862084210C621AD116C0AFA021A
:101E3600B96CDC853C027C12DC12FC12DC12DC1272
:101E4600DC12DC0AFC0AFC0AFC0AFC0AFC0AFD0A93
:101E5600FD0AFD0ADD0AFD0AFD0AFD0AFD0AFD0A64
:101E6600DD12DC12DC0ADC12DC12DC12DB12DC1204
:101E7600DB0AFC12DB1A782A331907108318C421EF
:101E86000518E4106218A3290439865A6A832BAC14
:101E96002FB490B491AC509BEF9C0FA450A450A4C7
:101EA60030A451AC71AC51AC71AC7193CE8B6C9BC0
:101EB600EEC512DDD6EE78F699F678EE17DDB4CCDF
:101EC600F1BC6EAC0DA3ED9C0D9BEE9BCEA3EEBCC0
:101ED60091D533E595E5B5EDD6EDF7F639F659EE3C
:101EE60018C51493AEC4F2D573D532D532D532BCEB
:101EF60090836B4A28292521462987190531A72968
:101F06002610A310A318C318A318C31062108220AA
:101F1600E410A21082086210C6198C11D00B1A02A6
:101F2600B96CDC853C027C12DC12FC12FC12FD1240
:101F3600FD12FC0AFC0AFC0AFC0AFC0AFC0AFD0A61
:101F4600FD0AFD0AFD0AFD0AFD0AFD0ADD0ADD0A93
:101F5600DC12FC12DC0ADC0ADC12DC12DB1ABB1215
:101F6600DC12DC1A9A22582A1318C418A318E52181
:101F76000518E410822905394552086ACA9BACBC8B
:101F860050C4B1C4D2B471AC70B491B491AC91AC3C
:101F960072AC92A492ACD3ACB2A4708BAD93ADB438
:101FA60090D594EE58F6FBF6DBF679EE37DDB4C441
:101FB600D0AC0D9BAB938C832B7AA972A972A983A3
:101FC6002BA3EFCCF2E5B5EDF6EDF7EE18F638F605
:101FD60038E5D7C4F2B490CD12D552DD52D532C40D
:101FE600B0836B41C720E310C4210520E4210529F5
:101FF600261082108218C318A318A3106210A31803
:10200600A310821082084110A5196A1A550B1A02EC
:10201600B96CDC853C029B12DC12DC12DC0AFD0A80
:10202600FD0AFD0AFC0AFC0AFC0AFC0AFC0AFC0A78
:10203600FC0AFC0AFC0AFC0AFC0AFC0ADC0ADC0AAA
:10204600DC12DC12DC0AFC0AFC12DC12DB12DB12EC
:10205600DB1A9A22571A752A11192718C318C410A1
:10206600A318C32104290439666A8A8B4BABEDBCDD
:102076006FC4D1C491BC91C4D2BCD2BCF2BCF3B47F
:10208600B2ACB2BD14ACD2A47093EE8B8CA3EDC5EA
:1020960012E616F6DBFEFCFEBAF699EE57E5B4C478
:1020A6008EA3CB8B4B7ACA622852283185292441CC
:1020B600A7732F9412A3F0D534EDD5EDF6EDF7EE18
:1020C60018E5F7D595C512CD12D552DD52D532C4D5
:1020D600B0834A3145108318C42145210418A41938
:1020E600051061108218C318C32104108218C31882
:1020F600A31083086208421083196D12FA0B1A02A4
:10210600BA6CDC853C029B12DC12DC12DC0AFD0A8E
:10211600FD0AFD0AFC0AFC0AFC0AFC0AFC0AFC0A87
:10212600FC0AFC0AFC0AFC0AFC0AFC12FC12DC1281
:10213600DC12DC12BC12DC12DC12BB1ABB12DB1A7C
:10214600BB1A782278227721CE210518A310A3186E
:10215600C421042924314549E87AEB9B8CB3EEC4AB
:1021660090C490C471C4B2CCD2CD13CD33BCD2BC12
:10217600D3BD13BCF2AC709C2E8BAD93ACB48FDD8B
:10218600B4F679FF1CFEDBF699F699EE77DDB4C45A
:102196008EA3AB82A9726A5AAC5B0F21050041215E
:1021A6000552AB39C75AAB834DC4B1E5B4E5D6ED9C
:1021B600D6E5F6DDB5D553D532D552DD52D532C486
:1021C600B07B09292510621083294618E418A41843
:1021D600E4086110A318C320C318C3086110A3182C
:1021E600C318A308620861108312550B1A0AF90274
:1021F600BA64DC853C027B12DC12DC12DC12DC12D7
:10220600DC12DC0AFC0AFC0AFC0AFC0AFC0AFC0AD0
:10221600FC0AFC0AFC0AFC0AFC0AFC12FC12DC1290
:10222600DC12DC12DC12DC12DB1ABB1ADC1ADB2233
:10223600982276223421CD29AB212610A310A32182
:10224600042945312441866ACB8B0BABADBC0EC449
:102256004FC470CCD2CCF2D513D513C4F2C513C576
:1022660014BCF3AC909C0E93CD8BACA40EC511E6BA
:1022760016F6DAFEDBF6BAF6B9F699EE58DD93C431
:10228600D09B8C8B0B82CB8C757C541882084118A2
:10229600E32125294641E9526972CBBCB0DD74E5DC
:1022A600B5E5B5DD94D573D553DD52DD52D511BCF8
:1022B6008F6AA918A30842086218C318A3108318C6
:1022C600E4086210A318A318A318A3086110A318A2
:1022D600C418C308620862110812FA0AFA0AFA0256
:1022E600BA64BC853C027B12DC12DC12DC12DC1206
:1022F600DC12DC12FC0AFC0AFC0AFD0AFD0AFD0AD5
:10230600FC0AFC0AFC0AFC0AFC0AFC12FC12DC0AA7
:10231600DC12DC12DC0AFC0AFC12DC1AB922342AB2
:1023260011225321F12A342A31214718A318C33127
:102336006631453125520872AA934BABCDBC0EBC13
:102346000FCCB1D4F2D513D4F3CCD2CD13CD33C543
:1023560013B4919C2F93CD8B8C93CCB46FDD73F615
:1023660078FEDAFEBAFEBAF6DAF6DAEE7ADDD6CD1F
:1023760034AC919BAD934CA4729CF631E908622073
:10238600E418E46BB28CB6296652288B0BCCD1DDEF
:1023960053DD73D574D574DD73DD73D552CCF1B4CA
:1023A6006E52471062084210621083106210621863
:1023B600A3106210A318A3108218A310611082182C
:1023C600C418A308820841116D131B0AF90B1902E0
:1023D600BA64DC853C027B12DC12DC12DC12DC12F5
:1023E600DC12DC0AFC0B1D0B1D131D131D131D1324
:1023F6001D131D0AFD0B1D0AFD0AFC0AFC12DC1248
:10240600DC12DC12BB12BA1A9822341A1222552296
:10241600992A78229722972A50214718C4292531CC
:1024260086316641A762897ACAA38CB3EEBC0EC414
:102436004FD4D1D4F3D513CCD2D513D533CD12BCCA
:10244600D1A44F8BCD8B8C8B8CA40DCCF0EDF5F6F7
:10245600DAFEB9F699FEB9FEFBFEFBF6DBE67AD5A7
:10246600B7BD15B492A4319BAFA4319431524952F1
:102476008B7C54BE3DA539628A49A682EBB42ECD2B
:1024860011D553DD73DD94DD94DD73D532CCD1A443
:102496000D39A508420841084210821062086210F0
:1024A60082106218A318C318A320E41062108218C1
:1024B600C418A31082084119F10B1A0AFA0B190263
:1024C600BA64BC8D3C029C12FC12DC12DC12DC12DB
:1024D600DC12FC0AFD131D131D133D133D133D13A2
:1024E6001D133D0B3D133D0B1D131D0AFC0AFC126B
:1024F600DC12DA1AB91A981AD912FC1AFC22DA2254
:1025060079227622B722B72A0D2105212421043902
:10251600A739A752286A89932BA38CABCDBC0FCCC5
:1025260070D4B1D4F2D4F3D533DD33D533C4F2B499
:10253600709BEE838C8B6B9BCDBC6FDD73F678FE48
:10254600FBF6B9F698F6B9FEFBFF1CF71CEEDBDED0
:1025560019CD77BCF5B493B493BCD4B472B492C518
:1025660056D5B7C4F3ABEF8B2C7B0B9B6CB44ECC20
:10257600F1DD53E594E594E594DD74D532CCB18B69
:102586008C210408210821084110A3108310621031
:10259600830842108210831082210410821083184F
:1025A600E41083108210A412940B1A0AF90B1A0273
:1025B600D964DC853C029C12FD12FC12FC12DC1272
:1025C600DC12FC131D131D131D133D133D133D1388
:1025D6003D133D133D133D0B1D131D12DC12DC1282
:1025E600DC12DB12DC12FC12FC1ADA2A7822B9227F
:1025F600B82AD822B62A52320B2946210429254266
:102606002A41C852286A89932CA36CABCDC42FCC1F
:1026160070D4B1D4D2D513DD54DD34D513C4D1A4CE
:102626002F8B6C834B938CAC2ECCF0EE16FEDBFE20
:10263600DAFE98F698FEB9FEFBFF1CFF1CF6FCEED0
:102646007ADDF8CD77C515B4B4B4B4C535D5B8CDF3
:1026560055D556CD14BC92A3EFA3EFAC0FC4B1D59C
:1026660032E594E594E594E594DD73D532BCB06A21
:10267600CA10A308410821084218A318A310621023
:10268600830841108218C4108218C3106210832078
:10269600E418A310A210E612B70B1A0B1A0B1A02B3
:1026A600D96CDC853C029C12FD12FC12FD12FD0A5F
:1026B600FD12FD0AFD0B1D131D133D133D133E13A5
:1026C6001D131D131D131D131D131D0AFC0B1D0BBE
:1026D6001D0AFD12DC12DB1ABA22981AD822D92258
:1026E600D82AB42A522A2F2A0A294618E3318742C1
:1026F6004A4A085A077ACA934CA36CABCDBC2FCC76
:1027060070D4B1D4F2DD33DD53DD54CD13B49093E0
:10271600AD832B8B6BA40DC4AFDD93F678FEDAFE8A
:10272600B9FE98F6B8FED9FEDAFF1CFF3DFF3DF66E
:10273600BCE639DDD8D576C515C4F5CD14D555DD3D
:10274600B6E596DD96DD75D575DD95DD75DD74E549
:1027560094E5B4E5B4E5B4DD94DD53CCF2AC6F5248
:10276600491083004108410841108210831062100D
:1027760083084218A318C318C310A3106210A31825
:10278600A31083088210E612D90B1A0AFA0B1A0252
:10279600BA6CDC8D3C029C12FD12FC12FD12FD0A85
:1027A600FD0AFD0AFC0B1D131D131D133D133D13DE
:1027B6001D131D12FD131D131D131D131D131D13B4
:1027C6001D12FD12FC12BB229922B922D922D62A49
:1027D6005222952A723271324E29A9210431A84219
:1027E6002A4A085A287AEA8B2B9B8CABEDBC2EC45E
:1027F6004FCC90D4D2DD33DD53D533C4B19BEE8BB1
:102806006C8B4B93CCB46FD532EE16FEB9FED9F66F
:1028160098F698F6B8FEB9FEFAFF1CFF3DFF1DFEBE
:10282600DCF67AE618DDB7D597D577D576D575DD9A
:1028360096E5B7EDF8EE39EE59F658F638EE16EE9F
:1028460016EE15E5F5E5B4DD74D532C4D18BCD3180
:10285600A610830841084108611082106210831097
:1028660083106218A310A220E418A310821083100C
:102876008310830862112812FA0B1A0AFA0B19023E
:10288600BA6CDC8D3C029C12FD12FC12FC0AFD0A9D
:10289600FD12FD0AFC0B1D131D133D131D131D1305
:1028A6001D131D131D131D131D131D131D131D13A2
:1028B6001D131C1ADA1AD91ADA1AFA22D82A73221E
:1028C600962A742A512A532A722A2E212531874A9A
:1028D6004A52285A487ACA8B2B9B6CA3CDB42EC475
:1028E6004ECC8FD4D1DD33DD33C4D1A3ED8B6C8BCD
:1028F6006C8B8CA40EC4D1E594F678FEDAF6D9F684
:1029060098FE98F6B8FEB9FEDAFEFCFF1DFF1DFE26
:10291600FCF6BBEE5AE5F8DDD7DDD7DDB7DDB7E56A
:10292600D7E618EE59F67AFE9AFE9AF679F658EE3A
:1029360057EE36E615E5B4DD73CD12B490732C214F
:102946002508620841084108411082106218831068
:1029560062108318A3108218C318A310A310831043
:102966008310821082198C0B1A0AFA0B1A0B1A02A0
:10297600BA6CDC853C029C12FC12DC12FC0AFC0AD6
:10298600FC12FD131D131D131D133D131D131D13E3
:102996001D131D131D133D133D131D131D131D1371
:1029A6001D1ADB1ADB1AFB1AFB22B72A722AB73268
:1029B600962A7122B522D922D92272210431A65231
:1029C6006B4A08626972CA8B0B936CA3CDABEDC4DC
:1029D6004ECCB0D4F1D532C4D1A3CD82E9830A8BD3
:1029E6006C93ADB46FCD32EDF6F6DAFEFBF6B9F6C2
:1029F60098F698F698F698FEB9FEFBFEFCFF1CFECC
:102A0600FCF6DBF69BEE39E5F7E5D7E5D7E5F8ED1D
:102A1600F8EE39F65AF69AFE9AFE9AFE79F678F6A6
:102A260057EE36E5F5DD93D532C4F1A42F522810C2
:102A3600A308620841084108611083108318A31097
:102A4600421062188218A3210418A318A310831039
:102A560083108310A312110B1B0B190B1A0B1902EF
:102A6600DA6CDC8D3C029C12FC12FC12FC12FD128C
:102A7600FD131D131D133D1B3D133D133D133D1348
:102A86003D131D131D133D135D133D133D1B1D1AF1
:102A9600FC1AFB1AFC1AFB22D822B62AB82A932A59
:102AA6009122F91B5D22F922FB222F294442294259
:102AB6002A52295A6972A9830B934CA3ACB3EDC46D
:102AC6004FCCB0D4F1CCF1B44E8AEA72677AE98B76
:102AD6002A9BACB490D573EE16F6DBF6FCF6B9F687
:102AE60078F657F657F657F698FEDAFEFCFEFCFE29
:102AF600DCFEDBFE9BF65AEE18EDF8EDF8EDF8EE8F
:102B060018F639F659F67AF69AF69AF679F658F6E6
:102B160057EE16E5D5D573CD12BCB18B8D29450878
:102B2600620862084108410861108210A318A310C8
:102B360062188318821882210418A3210518A31885
:102B4600A3108310C512540B1A0B1A0B190B19027A
:102B5600DA6CDC853C029C12FC12FC12FC12FD12A3
:102B6600FD131D133D1B5D1B3D1B3D1B5E133E13DD
:102B76003D133D133D133D133D133D1B3D1B1C1BD8
:102B86001C22FC1B3B22D922D92AB62A912AB51B24
:102B96003C135E1AFB1AFA2AD829EB39E839C84AD7
:102BA6004A52495A4872A9830B934C9BACB40EC443
:102BB6006FCCB0CCD0C48FABED82C96227622762DE
:102BC600078B2AB46FD532E5D5EE57F698F697F609
:102BD60077F677F657F636F657F6B9F6BAFEDBFE0F
:102BE600DBFEBBFE9AFE7AFE59F639F618F618F6A3
:102BF60038F658FE59FE79F699F699F679F658F6AA
:102C060037EDF6DDB4D532C4D2AC71524910A210FC
:102C160082084208410841106218A31083108310ED
:102C26006218A318A3188318C318A320E418A310C6
:102C36008310A3196A12D70B1A0B1A0B1A0B190257
:102C4600DA6CDC853C029C12DD12FD12FD12FD12CF
:102C5600FD131D133D1B5D1B5D1B3D1B5D133D13CE
:102C66003D133D133E135D133D1B3D1B3D1B1C1BBE
:102C76003C1B1D22F922B72AB52A9522D9235D1BB2
:102C86005E1B1D1B1C23192AB529EB318729885287
:102C96006B5249626972CA830B936C9BCDB42EC486
:102CA6008FC4D0C4B0BC6FA3ED832A6227414439D8
:102CB6000459E69BCCC4B0D532E594EDF5F635F66D
:102CC60077F698F698EE16EE16F658F699F69AFEF8
:102CD600BAFE9AFE9AFE7AFE59F639F639F638F6B3
:102CE60038F658FE59FE79FE79F679F658F658EE1A
:102CF60016E5D5DD73CCF1B491836D294510A20894
:102D060062084208410841106218A3188310821015
:102D160083108318C418A318A318A220E320C4188C
:102D2600C318C419CF12F90B1A0B1A0B1A0B190276
:102D3600DA6CDC853C02BC12FD12FD12FC12FD139E
:102D46001D131D133D133D133D131D133D133D135D
:102D56003D133D1B3D1B3D133D133D131D1B1D1B0D
:102D66003C22FB22D92A962AB822FC1B5D1B5D1B3E
:102D76003D1B3C2319231A2AD63209298831A85229
:102D86008B5249626972EA832B938C9BCDAC2EBC25
:102D96006FC4AFBC8FB46EA40D8B6B6A8849A54116
:102DA6002541246A68A3CDB46EC4B0C4D0D532EE32
:102DB60016F657F657EE16EDF5EE16F658F679F6C0
:102DC60079F679F679F659FE59F639F659F658F63E
:102DD60058F658FE59FE59FE59FE58F638F637EDA4
:102DE600F5E5B4D532C4B1940F4A27210410620820
:102DF60042084208410841108318A3188310831023
:102E0600A310A318A318A318A318A318C320E41883
:102E1600C219061A530B1A0B1A0B1A0B1A0B3A0283
:102E2600DA6CFC855C029C12FC12FC12FD12FD128F
:102E3600FD12FD131D131D133D133D133D133D13CD
:102E46003D1B1D131E131D131D131D131D133C13B4
:102E56001B1AFA2A9722B91B1B1B5D1B5D1B5D1BE8
:102E66003D1B1A1AFA233B2A4E29EA214639C85233
:102E76008C526A628972EA832B938C9BEDAC4EB4BA
:102E86006EB46EB44EAC2D9BEC8B8B7B0A6A68627B
:102E9600276227726883299BCCAC2EA3CC82C9B447
:102EA6000EE5B4EDF5EDD5EDD5EDF5F616F658F6DD
:102EB60038F638F638F638FE39FE39FE39FE38FE71
:102EC60038FE38FE38FE58FE58F638F617F5F6E5A1
:102ED600D4DD53CCD1AC4F62EB31251062084108EA
:102EE60042084208210842108310A3108318A31039
:102EF6008318A320E418C420E420C320E42104108E
:102F0600A318E61A960B1A0B1A0B190B1A12F902CA
:102F1600DA6CFC855C029C12FC12FC12FD12FD129E
:102F2600FD12FD131D131D131D131D131C133C1B36
:102F36001D22D822F912FD12FD12FC12FC131C13DD
:102F46001C22B722BA1AFC1B3C1B5D1B3D1B3C23F3
:102F56001B22FB231B32F621882147292531C84A2B
:102F66008B526962897B0B8B4C9BADA3EDAC2EAC6F
:102F76002EA40DA40DA40D93EC93AC8BAB8B8B936D
:102F8600ACA40DAC2E9BECAC2ECD32D553A3AC8AA3
:102F9600A8C46FDD32E594EDD5EDD5EDF6F616F65F
:102FA60017F617F617F617F618F638FE38FE38FE37
:102FB60038F638F638F638F637F637F617F5F5E513
:102FC600B4D512BC907B6D39A620C3188208621056
:102FD60062086208211062108318A310A318C31890
:102FE6008318A318C418E418C3210420E320E318A7
:102FF600C4196B1A980B190B190B190B1A131A0211
:10300600DA6CFC855C029C12FC12FD12FD12FD12AC
:10301600FD12FD131D131D131C131C131C12FD1B87
:103026001C42F17B505B5622FB0AFD1B1C1AFC223C
:10303600BA229A12FC131C131D1B1C1B1C22FB22FA
:10304600DA22BB32F721EE192420E4210431A74A03
:103056006B524A6AAA832C938D9BEDA40EA40D9BFA
:10306600CC938B93AC93CC93CC93CC9C0DAC4EC4AD
:10307600D0D593D594C512CD32E5D5E5F5DD53BC53
:103086004FC46FDD33EDF7F637EDF6EDD5F5F6F512
:10309600F6F5F6F5D6F5F6F5F7F618FE38FE38F637
:1030A60038F618F618F618F617F617F616EDD5DDF3
:1030B60053CCD293EE62C95A6841E72904106208DC
:1030C6006208420821108210831083108318A31807
:1030D600A320C418C3210418C320E420C318E32185
:1030E6002519CE12B8131A0B190B1A131A0B3A021A
:1030F600FA6CFD8D5C02BC12FD12FD12FD12FD1272
:10310600FD0AFD12FC1AFC12FC12FC131C231B22E6
:10311600D84AD26AF083717352331A12DC22DB1A50
:10312600DA12FC131C131D131C1B1C22FB1AFA1AA1
:10313600FB2B192A511946192518A420E429454ABA
:103146000A524A6AAA834B9BCDA42EAC4E9BCC6AEC
:103156008859E67AC97B0A8AEA932BA38CBC0EDDD2
:1031660032EDF6E5D5D553DD94EE16EE36EE16EED7
:1031760016EE37F679FE79F678EE16EDD5EDD5ED45
:10318600D5F5B5F5B5F5D6F5D6F5F7F618F618F67C
:1031960018F617F617F5F7F5F7F5F7EDD5E594D523
:1031A60012B46F8B8D832A628941A628E418831096
:1031B6006208420842188318831083108320E42093
:1031C600E320E318A3212420E420C318A318E32155
:1031D60025220E0AD8131A0B1A0B1A133A133A039E
:1031E6001B651D8D5C0ABC1B1D12FD12FC12FC1218
:1031F600FD333A5BB86BD763B953B93B572A2E19DF
:10320600AB31EA8C54A4B57B6F8B905B78231B2380
:103216001B2B3A2B3A1B1C12FC1B1C1AFC1AFB2AF2
:10322600F72A0D212718C310A410A3212518C33986
:10323600C852696AAA834B9BEDAC4EAC4F9BCD51ED
:10324600E610623904616579C682279268A2A9CB25
:10325600CDED73E5D4E5B4EDF5EE36EE36EE56F685
:1032660077F678F679F679F658EE16EDD5EDB4EDF3
:10327600B4EDB4ED94EDB5F5D5F5F7F618FE18F600
:1032860018F5F7F5F7F5F7F5D6EDB5E594DD33C4A2
:1032960091A44FB4B193AE6B4D5228392431041822
:1032A600A3082108421883188318A310832925210F
:1032B6000418C320C42105210518A320C320E4193E
:1032C60027223112F80B3A0B3A0B5A0B5A0B5A03B8
:1032D6003B6D1D8D5C0ABC1B1D12FD12FD12FD32DD
:1032E600F99434ACD6ACF7ACD6949552CD29882156
:1032F600682967CDF9E65AC577ACD5A4B58C75842F
:10330600549454A495947443781AB91A75322F318B
:10331600A818E418C3088210830882292510622998
:103326004552496AA98B4B9BEDA44FAC4F9BED6A66
:1033360089412530E3208228A2594579E79227A2C0
:1033460028CB8CDCF2E533F5F7F637F636F636F6AB
:1033560057F657F658F678F657F616EDD4EDB4ED5F
:1033660094ED94ED94ED94F5B5F5D6F5F7FDF7FDEE
:10337600F7F5D7F5D6F5D6EDB5ED74DD53C4F19C6A
:103386000FAC8FBCB0A3EE7B0B6A6951C739241012
:10339600410021108218A218A318A31082292529FA
:1033A6004620C320E42946212518C318A218E32184
:1033B600881A5213390B7A0B7A0B5A0B7A0B7A034B
:1033C6003A6D1D8D5C0ADC1B1E1B1D4B5863B773C3
:1033D600F39C34A474A495A4959C33632F739073C3
:1033E600B15AEEAD16D5FABD37AD16ACF6ACF5B59D
:1033F60036BD56B515BCF3ACD452AC214531A71039
:10340600A318C4088208820883108329461062180C
:10341600C352286A89832B9BEDA42EA42E93CD7AC2
:10342600C961C782297A0839031882312461A679CD
:10343600E7A248BAEAC32ADC4FEDD6EE57F656F6AF
:1034460057F637F637F657F637EDF6EDD4EDB4ED19
:10345600B4ED94ED94ED74ED94F595F5B6F5D6F5D9
:10346600D6F5B6EDB5ED94E574DD33CCF29C2F3987
:10347600A641A56A677AEA72AA5A0731040841008A
:103486002008211082188218C31082108229253143
:1034960087292529252125296718A318C41926292E
:1034A600AA1A7313590B7A0B7A0B7B139B0B7A03AD
:1034B6005B6D1D8D5C0ADD1B1A73D5B4D5BD17B4C3
:1034C600F7B4F7BD17BD38C558C51742B03A6E52A6
:1034D600ED6B6F8C11A493BD16B557B516BD36CDE1
:1034E60077CDB8D5D8CD97C535ACB262CB18C31059
:1034F600A3108308610862086210A318E40862102A
:103506008241A66A69830A93CC9C0E9C0E93AC7288
:10351600E961E77A28B2AAC2EB8A28514541865169
:10352600E772089248A268BAC9D40FEDB6EE36EE35
:1035360057F637F637F637F636F615EDF5EDD4EDE0
:10354600B4ED94ED94E573ED74ED95ED95F5B5ED6B
:10355600B5ED95ED74E573DD33CCD2AC7041E70083
:1035660000000000001061108208410020002100C8
:103576004108411082108218A318A310A33187298D
:1035860066290529253186296621041926216821FF
:10359600AA1AB5133A0B7A0B7B0B7B0B7B0B7B03BF
:1035A6003A651D855C02BC4AF3A474BD38BD38BDBE
:1035B60018BD17BD17BD37CD78B51732D22AD32A15
:1035C6008F2A6E2A4D326C5B0F9CB5C577C577CDB9
:1035D60077D5D9E65BE63ADDF8BD34A49262CB2115
:1035E60025086208611082108220E410A310620888
:1035F60062292562487AEA8B8C9BED9BED93AC7B26
:103606002A6A4879E7A269C2CBD30BC2EA9A6969EA
:10361600E751C76AAA7ACC9269AA89CB8CE553EEA0
:1036260016EE16EE16EE16F616F615EDF5EDD4EDCB
:10363600B4E594E573E573E554ED74ED74ED74E566
:1036460074E553DD53DD32CCF2B49162AA00400832
:10365600000021082100200020002100410841002F
:103666004108211082108220C418C410A33A0929E7
:103676008720C4290531872146212621672169290A
:10368600A91AB6133A0B7A0B7B0B5B0B5B0B5B032E
:103696001A6CFD855C22756B2F94139C34AC95AC2B
:1036A600B5A4949C7483B1628B5B0F33143B764351
:1036B600973B343B3443954BB68C97CD98CD98CDFC
:1036C60098DDD8E63AE65AE639DDD7D576B4F48BF6
:1036D600EF39A60841086210A3210418A30862085E
:1036E6006210A251E772C98B6B93CD9BED93CD8B84
:1036F6006B7AA879E79248BACACAEBD34CDB8DDB62
:103706006CB32B7A8A6AAB51E8618689C6BB0ADD3F
:1037160012E5B4E5D5E5D5EDD5EDF5EDF4EDD4E559
:10372600B3E593E553DD33DD33E533E533E533DDEB
:1037360013DD12D512CCD1B4B07B8D10A2000008D7
:1037460021082108210841084108410841002000BC
:103756002108411062108318A320E418C439E83107
:10376600A720E42905294521462986218A21892978
:10377600671AB5137A0B5A0B7B0B5B0B5B135B0358
:103786001A6CFD95374A8E6B4E83B1B495CD58CDE4
:1037960078C558B5168BD141C7320C3B964BF97D8F
:1037A6003D859E7D9E751E5C3A9477C557C577CD3F
:1037B60097CD97D596DDD7DDF8E5F8E5F8D596C52A
:1037C60014ACB16AEB18C3086210A318A308420828
:1037D600620841416572888B2B9BCCA3ED9BED93D0
:1037E600AC8B0A82888A27AA89C2EBCB2BD38CE4BE
:1037F6000FEC70DBCEBB0B92695965512471448A7C
:1038060068B40ECD12DD74E594E5B4EDD4E5B4E507
:1038160093E573DD52DD32DD12D512D4F2D4F2D443
:10382600F1CCD1C4B1B4908BEE210400200821085C
:10383600210821082108410841084108410841089A
:103846004108410862106218A318E4210431C83106
:10385600C8210531462945296629EB29EC198A290B
:10386600A82294135B0B5A135A0B5A0B5A0B5A0283
:10387600D96CDCA53552AD7B909C33BCF6D59ADD70
:10388600DBD5DBBD588BF249E9328F43B75C7DB699
:103896009FE7DFC73F857E5C39B539DE1ADDF9DE85
:1038A6001ADE19DDF8DDB7DDD8DDD8DDD8DDD7DDE8
:1038B60096CD54CD349C5039A610821062108310D8
:1038C60083004120C26A47830A9BACA3EDA40D9BEB
:1038D600ED936B8B098AA89A68B2A9C2CACACAD3E1
:1038E600CEE555E4F3E3EFE3EEDBAEC30BA2697975
:1038F600A661659B4BD511DD73E593E5B3E593E5CD
:1039060093E573DD53D532D512D4F2CCD1CCB1C404
:10391600B1C4B0B4909C2F39C600200821084108D4
:1039260041082108210841084108410021002108D9
:103936004108620842108218C318C3210539E831CC
:10394600A721042945294629A822522A2E21EE2AF2
:103956000C2294133A0B5A133A133A0B3A0B3A02C7
:10396600D96CDCB5B883B2A433B4B5C537D59AD50E
:10397600BACD79ACF77B6F4A094333541BA61EF7C1
:10398600FFFFFFDF9F7D5E647ACDDAEE5BE63AE607
:103996003AE65BEE5AEE5AE639E5F8DDD8DDD8DDD3
:1039A600B7D596D575D554BD1372EB108210831812
:1039B600C30061086151C682A9936BA3EDA42EA42E
:1039C6002DA3ED9B8B9B4B930A9AC8AA89BAA9CBC8
:1039D6000BD36DDC10DBCFDBCEDBAEDB8DDBADCB13
:1039E600EFABEEA3ADC4D0DD52E593E5B3E5B3E5A9
:1039F60093E593DD73DD32D512CD12CCF1C4D1BC83
:103A0600B0B4909C2F4A2700410041084108410864
:103A160041082108210841002108410841002008E9
:103A26006220E40862108218A318C4212539C8311F
:103A3600A821052125294621CA1A95226E2230225F
:103A460050229313390B5A133A131A0B1A131902ED
:103A5600B96CDCCE39A474ACB5BCD6BD16BD16BCEB
:103A6600F6ACB58BD15A2A39C84375AE5EFFFFFF57
:103A7600FFFFFFFFFFA63E749AD61BEE5BE63AE613
:103A86003AE65BEE9CEE9BEE7BEE5AE639E619E5EE
:103A9600F8DDD7DDB6D575D554CD538BAD31861847
:103AA600A308410862392472488B4AA3EDAC4EB490
:103AB6004EAC4EAC0DABEDA3AC9B6A9AE9A2A9B293
:103AC600C9BAA9C2EBC30BCB2CCB8DCBEED44EE43B
:103AD600F1DD94CD52D511DD52E593E5B4E5D4E59B
:103AE600B4E593DD73DD52D532CD11C4F1BCD1B44A
:103AF600B0A44F52680841084108410841084108EE
:103B06004108210821002100200821082108211050
:103B16008218E4086210A318C318C4318639C8395C
:103B2600C82105210531A8224F12D72A8F2A5022F3
:103B360050229313190B3A131A0B1A0B1A12F90285
:103B4600B96CDCDE7AB4B5B4D4B4B4AC749C11935D
:103B5600D08BD093F193D16B0E7C35A57BB65DCE21
:103B6600FEE77FF7FFD73E8CDBE63CE63ADDF9DD84
:103B7600F9DE1AE63AE63AEE5AEE3AEE5AEE3AE648
:103B860039E619E5D8DDB7D595D554D554B4B24A3A
:103B96002810411062188261E78B0AA3EDBC6FBC46
:103BA6008FBCB0C48FBC6FBC4EB40DABCCA3ABAB5B
:103BB6008BAB6BB38BC3CCC42ED4CFDD51DDB3E559
:103BC600D4E5D4DDB3DD72DD72E593E5B4E5B4E5A5
:103BD600B4DD93DD52D532D532CD11C4F1B4B19CEA
:103BE6006F526810620841084108410841084108BF
:103BF60041082108210841084108410821082110EF
:103C06008218C3108318A318C4210531A729663169
:103C1600A82946314631EA22B41AB8227022712206
:103C26009222941AF90B1A12FA0AF9131A131902A4
:103C3600B96CDCDE7AB4D5B494A4328BB0836F93BE
:103C4600D1A452C4F6DD9ADDDADDD9D5DBCE3DC688
:103C56003DC65DC65DCEBDA55AD599D598D5B8DD0C
:103C6600D9DE1AE63AE639E63AE63AE639E639E6DA
:103C760039EE39E619E5F8DDD7DDB6DD76D575BD61
:103C86001372EB20E3106249658AE9ABEDBC90C480
:103C9600D0CCF1CCF1D511D4F1CCF1CCD0CCD0CC68
:103CA600D0C4CFCCD0D511D572DD93E5D3E5D4ED14
:103CB600F4EDF4E5B4E593DD72DD72DD92DD92DDBF
:103CC60073DD52D552D531CD11BCF1B4B0942F4A23
:103CD600280882086208420841084108410841084C
:103CE60041084108210841084108410841002010C7
:103CF600A318E410A318A320E429662966294631EF
:103D0600C8296629672A0D1AB712B722921A731A9A
:103D1600B41A951AD80B1A0AF912FA12FA12FA02FA
:103D2600B96CBCD65AA4339BF28BF29413A4B5B4E7
:103D3600D5C4D5D537E61BF67DEE7DF69EF6BEF6E6
:103D4600DFF71EEEFFE6BEE65BDDDADDFAE65BEEEA
:103D56005CEE7CEE7BEE7BEE5BE63AE61AE61AE676
:103D66003AE639E63AE63AE619E618DDF7DDB6D57B
:103D760095CD549C0E41A620A37268A3CDC48FCCCA
:103D8600D1D511DD32DD53DD53E573E573E593E5FA
:103D960093E593E5B3E5B4EDD4EDF4EDF4EDF4ED90
:103DA600F3E5F3E5B3E593DD52D531D531D551D5FC
:103DB60031CD11C511BCD1B4B0A4907BCD31A508CD
:103DC6006208620862086208410841084108410821
:103DD6004100210841086108410841084100411895
:103DE600C318C418A318C32104294539E831A729E3
:103DF600862105218922501AB81AB722931A941AD5
:103E0600D51AB71AD712FA12FA12FA12DA12F902F8
:103E1600B96CBCC5B893B1A474AC94C517CD78CDB4
:103E260058D578DDB9E63BEE7DF69EF6DFF6FFFE69
:103E3600FFFF1FF71FF6FFF6DEF69EF69DEE9DF6D8
:103E4600BEF6BEF69DEE7CEE7CEE5BEE5BEE5BEECA
:103E56003BE65AEE5AE65BE65AEE5AE639E618DDD6
:103E6600F7DDB6D594BCD172EB51C6932ABC2ECCE5
:103E760090D4F1DD32DD53E573E594E594EDB5EDCF
:103E8600D5EDD5EDF5EE15EDF5EDF4EDF4E5D3E56F
:103E9600D2E5B2E5B2DD92D531D510CCF0C4EFBC97
:103EA600D0B4AFAC8FA46F8BEE5A8918E30021080B
:103EB6006208620862086208420841002108410857
:103EC60041084108620841002108410841082110C3
:103ED600C310A320E4108320E421044A4A29663152
:103EE600A7210529CC22B41AB81AB71AB51AB61AD8
:103EF600D51AD822F612D912FA12FA12DA12D90201
:103F0600996CBCC5F8A453BCD5CD37D599DDB9D5C8
:103F160099DDB9E5FAE61AE61BEE3CF67DF6BEF645
:103F2600DFF6FFF71FF6FFFEFFF6FFF6DFF6DFF719
:103F36001FFF3FF71FF6FEF6DEF6DDEEBDEE9CEE4A
:103F46007CEE7CEE7CEE9BEE9BEE7BEE7BEE5AEE01
:103F560039E638E617DDD6D594A42F8B0AABACBC70
:103F66004ECC90DCF1DD32E552E573E594EDB5ED2E
:103F7600F5F5F5F616F615EDF5EDD4E5D3E5B2E56E
:103F8600B2E592DD91D551CD0FC4AFBC8EB46EA40F
:103F96004E9C0E8BAD62C92944084108210842088F
:103FA6006208620862086208410021084108410867
:103FB60041086208620841002008410821002110DA
:103FC600A410A320E418E42104210539A7296631A9
:103FD600C82146220E1AB61AD812B81AD71AB71A14
:103FE600B512F91AD712D80AFA12DA12DA12F90247
:103FF600996CBCD659B493C515D598DD99D599D584
:1040060058CD37C516CD37D578DDBAE5FBE63CEE9B
:104016007DF67DF69DF6BEF6DFF6FFF6DFF6FFFFD0
:104026001FFF5FFF5FF75FF73FF73FF71FF6FEF6ED
:10403600DDF6DDF6DDF6BDF6BDF6BCF69CF69CF6C5
:104046009CEE7BEE7AEE39E618DDD6CD33B42EAB98
:10405600EDBC2ECCB0DD11DD32DD53E573EDB4EDF4
:10406600F5F615F615EE15EDF4E5B3E5B2DD92DDE0
:1040760072D571CD30C4EFBCAEAC4D9C0D93CD73F3
:104086002A4A2729240861002000410841084208DD
:104096006208620862086208420841002108410875
:1040A60041086208410841002108410862084110A0
:1040B600C410A318C421052125210431872966319E
:1040C600C921681A7212D91AB712B712D81AB712BA
:1040D600B70B1A131812D90AFA12DA12FA12F902DF
:1040E6009A6CBCDE59C4B4CD16C517C4F7CD59C5F4
:1040F60059B539ACF8ACF7BD58BD58C538C4F6C487
:10410600D6D558DDB9E5FAEE7DF6BEFEDFF6FFF749
:104116001FFF3FF73FF75FF75FF75FFF1FFF1FFFC9
:104126001FFF1FF71FFEFEFEFEFEFEF6DEF6DEF6A4
:10413600DDF6DDF6BCF67BEE5AE638E5F6DDB4CC08
:10414600F1B42EB40DC48FD4F0DD31DD32E572ED5D
:10415600B3EDD4EDD4E5D3E593DD72D570D550CD6E
:1041660010C4EFB4AEAC4D93CC836B62A931651825
:10417600A2084100210841082108210841084208F7
:104186004208620862086208620041082108410884
:1041960062084208210821084108620842084118BD
:1041A600C410A3210421042987212631A729A73178
:1041B600EA2A0B12940AD91AD81AB712DA12D71A9F
:1041C600970B1A0B391AD90AF90AF90AF912FA02DF
:1041D6009A6CBCD619B434B4B6B519B59CC5FECE26
:1041E6005FD6DFDEDFDF5FDF3FE71FDEFED69CBD8B
:1041F600B98BD1A412D537DDBAEE1CEE5DEE7DEE9D
:10420600BEF6DFF6FFF71FF73FF73FFF3FFF3FFF23
:104216005FFF5FFF5FFF5FFF5FFF3FFF3FFF1FFF28
:104226001FFF1EFEFDF6DDEE9BEE7AEE59E617E564
:10423600F6DD94C4F1BC6EBC2DC46ECCAFD4F0DDFB
:1042460051E571DD51DD31D510D4EFCCCEC4AEB41D
:104256004D9BCC834B72EA628849E610A200200887
:10426600210841084108410841082108410842083F
:10427600420862088208820042004108420841085A
:104286006208620821082108210021084110A310B4
:10429600A318E42986214531E931C93A08322B327F
:1042A6004C225012D70AF912D912D912D912D81A99
:1042B600B70AFA0B391AD90AF90B190B19131A028C
:1042C600BA6CDCC5D99457AD7CBDDEBE1EBE1FCE12
:1042D6007FD69FDEFFE73FE75FE75FE75FE77FF7B2
:1042E600BFDEFEA4D693D2B494D558DD99DDBAE6E6
:1042F6001BE65DEE9EEEDFF6FFF71FF73FF75FFF6B
:104306007FFF5FFF7FFF7FFF9FFF7FFF7FFF5FFFD7
:104316005FFF3FFF1EF6FEF6DDF6DCEE9BEE7AE66D
:1043260058E617E5F6DDB4CD31C48FBC2DBC0CC400
:104336002DCC6EC46EBC4DB40CA3EC938B7B2A6A59
:10434600A95A685A475A6852682103004108410829
:10435600220841084108410842084208420841082B
:1043660041086210A30882086208620841084108F1
:10437600620862082108210041084110C42167082B
:1043860083192529A729A8322A3A6C39E82A2C2A22
:104396002B1AB412F90AF90AD912F912D912F9121A
:1043A600B812FA0B1912D912F90B1A0B19131A02B1
:1043B600BA6CDCC63B94FBA55DAD9EBDFFBE3EC69A
:1043C6005FD69FDEFFDF1FE73FE73FE73FE71FE7D9
:1043D6005FEFBFEFBFC65C943393B1BC95CD38D5C4
:1043E60099DD99DDFBE65DEE9FEEDFEF3FF75FF7C8
:1043F6007FF75FFF7FFF9FFFBFFFBFFF9FFF9FFF0F
:104406007FFF5FFF3FFF1FF71EF6FDF6FCF6DBF6AC
:10441600BAEE99E657E616DDD5DDB3D552C4AFB38D
:10442600CC82C862475A275A07520752074A275270
:10443600475A885AA8524752AA18E408410842081F
:10444600420841084108410841084208420841081B
:104456004208620882086208620862084108610828
:1044660082084208210841002110C42A2B19261867
:10447600822125296731EA32EF4B3041C8326E2A54
:104486002C12B712F90AFA12D912D912F90AF9122C
:10449600B90B190B1A0B1A12D912FA0B1A12F902C6
:1044A600BA6CBCBE1B849A9D5CA59EADDEBE3EC6A4
:1044B6005FD69FDEFFE73FE73FE73FE73FE75FE780
:1044C6005FEF7FEF7FEF9FDF3F9CB673508BD2A4E9
:1044D60074BCF6D558DDBADE1CE67DEEDFF71FF7B5
:1044E6003FF77FFF7FFF9FFF9FFF9FFF9FFF9FFF7E
:1044F6007FFF5FFF5FFF3FFF3FFF3EFF3DF71DF67C
:10450600FCF6DAEEBAEE99EE58E637E616E5F5DD94
:10451600B3B4AF7B2B5A2752075248528862886A37
:10452600C96AE96AC93144422918E408410862089F
:104536004208410841084108420842084208420828
:104546004208820882086208620882086208A3108C
:10455600A30821084100410842220C224C10621097
:1045660082192531E8428D5436430F39E83B102A2B
:104576008F12B70AF90AFA12F912F912F912D912B8
:10458600D90B19131A131A12D9131A0B1A12F90284
:10459600BA6CBCB5FB74599D5DA5DEADBEBE3EC60C
:1045A6007ECE9EDEFFDF3FE73FE73FEF7FE75FE739
:1045B6003FE75FEF5FEF7FEF9FE75F9D3963506BEC
:1045C6002F8BF2B4D6CD38D579DDFBE65DEEBEEEA7
:1045D600FFF73FF73FF77FF77FF77FFF7FFF7FFF0D
:1045E6005FFF5FF73FF73FF73FFF5FFF5EFF3EFF6F
:1045F6001DF71CF6FCF6FBF6DBF6DAF6B9F6B9EEB5
:1046060057EE35DDD4C4F093CC7B2A6B0A7309735D
:104616002973296AA918C34249214510A3088308AA
:104626004108410841084108420842084208420838
:10463600620882086208620862088210C4190510BE
:1046460082002108620861216832F021A808411021
:1046560082212531E85BB464973ACE3A4B43734BDB
:104666009312B70B1A131A0AF90AFA12FA12FA1265
:10467600F90B1A131A0B1A0AF9131A131A12F9025A
:10468600BA6CBCBE1B7C9A951CA5BEB61FB5FEC6F1
:104696007ED6FFD6DFD6FFE75FE75FE75FE73FEF50
:1046A6007FEF9FEF9FEF7FEF9FEFBFE75F9D1B6B56
:1046B60092739283D2A475BCF7CD58D5BADE1CE6A8
:1046C6007DEEBEEEFFEF1FF73FF75FF75FF75FF791
:1046D6005FFF3FF73FF73FF73FFF3FFF3EFF3EFFDE
:1046E6001DF71CF71CF71CFF1CFF1CFF3BFF1BF6EE
:1046F600FAF6B9EE77EE36DDB3C531A46E8BCB7B19
:104706006A7B49628818824AAA2165216610C40814
:1047160042084100410841084210620862086208E6
:1047260062088208620862086208A3192610E50872
:1047360020086108821105335232F019250841100C
:10474600A3214629E97CF974D64B5042AD645753F0
:10475600F51AF8031A0B1A0B190B1A12F912FA0AA0
:10476600F90B1A0B1A0B1A0B190AF912FA12F9029B
:10477600B96CDCBE1B7C9A951CA5BEB61FC67FCE47
:104786009FCEBFD6DEDEFFE73FE73FEF7FEF7FEF4F
:104796009FEF7FEFBFEF9FEF7FEF7FEF9FDF1F9DC5
:1047A6001A7BF673B47BB18C12ACB5C517C558D558
:1047B600BADE1CE65DE69EEEDFEEFFEF1FF73FF783
:1047C6003FF73FF73FF71FF71FFF3FFF3EF73DF766
:1047D6001DF71CF6FBF6FBFF1CFF1CFF3CFF3CFF16
:1047E6003CFF1BF6FAF6B9EE77E636DDD3CD51B4CB
:1047F6008FA40D72C820A24AEC1925322921660819
:104806008208620841084108621062086208621064
:1048160082088208820882086210C4194610E408D9
:104826002110A210C33B1154363AF010C408621886
:10483600E4214642EF9DDC6C954B3042EE855A6C86
:10484600B83BF80B3A0AFA0B190B190AF912FA12C5
:10485600F90B1A0B1A0B1A0AFA0AF90AF912F902D3
:10486600B96CDCBE1B7C799D5DA5BEB61FC69FC616
:104876009ECEBFDF3FDEFFDEFFE75FF7BFE75FE706
:104886005FE75FEF9FEF9FEF5FE75FE75FEF9FDE1B
:10489600FFA57C84377BD473717B909433ACD6BDF3
:1048A60038C579CDBAD5DBDE3CE65DE6BEEEFFF770
:1048B6001FF71FF71FF71FF71EF71EF73EF71DF628
:1048C600FDF6FCF6DBF6DBF6DAF6FBFF1BFF1BFF5D
:1048D6001CFF3CFF5CFF1BF6DAF698EE57EE16E57A
:1048E600D4D592BCF0836C6B6C29C73ACD2A0918D3
:1048F600A410A31081088210821082106208621030
:104906008308A208A30883088310A4214608A308E5
:104916006119042A2C4C375BF34B9210C310822189
:104926000429864B51853B6C764B515BD395DB8DC9
:104936007A6D193C5B02DA0AFA0B1A0B190AF9129C
:10494600D912F90B39131A12FA0AFA12FA12F902E3
:10495600BA6CBCBE1B84BA953CADDEB5FEBE5FCE5E
:10496600BFD6FFD6DFDEFFE71EE75FEF7FEF7FE70D
:104976005FEF7FE73FEF9FEF9FEF7FEF7FEFBFEFA9
:10498600BFDF3FB63D94FB843773B373926B2F73CF
:104996002EA474B517BD38C578CDBADDFBE65CEE3E
:1049A6009DEEDEF6DEF6DEF6DEF6FEF6FDF6FCF64D
:1049B600DCF6DBEEBBEEBAEEBAF6BAF6DAF6DBF604
:1049C600FBFF3CFF3CFF3BFF1BF6DAF6B8EE77EE4B
:1049D60056E635E5F4D5B3C511940D73CF4AAB2130
:1049E6000410C410E408A210A318C31082086210B1
:1049F6008310C410E410A310A410C419460862085A
:104A06008321873B945C3674D853700882108221C8
:104A16002531A764359DDC7CD653B36C5595DC9D5A
:104A2600FC7D19757C1B7B0AFA0B190B1A0B1A12E3
:104A3600FA0B190B390B190AFA12FA12FA12F902C1
:104A4600BA6CBCBE1B84BB9D5DA59DB61EC67FC64B
:104A56007FCE9ED6DFDF3FE73FE73FE73FEF5FEFE3
:104A66007FE75FE75FE77FEFBFEF9FEF9FEF9FEF88
:104A76009FEF9FDF5FC67EA5BD9D1C8438633031E6
:104A86006641A85A8C83909C54B4F6C516CD58DD61
:104A9600B9E63BE67CE67CE69CEE9CEE9CEE9CEE64
:104AA6009BEE9AEE9AE67AE679E679EE99EEBAF612
:104AB600DAF6FBF71BFF1BFF1BF6FBF6DAF6D9F659
:104AC600B8F698EE57EE36E5F5DD92CD51AC90731B
:104AD6004B5249632E634F216618E318C3108210A8
:104AE600A318E41926190510C410E418E40841199E
:104AF600042A6C43F75C778DBA328C106220E53A53
:104B06002A31E87C96ADFC7CD65BD37CF895BCAEAE
:104B16005E857B95DC6D3E0B190B1913190B1A0B71
:104B26001A0AFA0B1912F912FA0AFA0AFA12FA0210
:104B3600BA6CBCBE3C84BB9D7DA59EB5FEBE3EBE8A
:104B46003ECE9FDEFFDF3FDF1FE73FE75FE75FEF1A
:104B56009FEF7FE77FE75FEF9FEF9FEF7FE77FE7BF
:104B66007FE75FDF3FDF5FCEDED6FFB61F8C9A4260
:104B76002B31663166316639A76AED93F1AC74BCA8
:104B8600F5C557CD98D5D8DDF9DE3AE63AE65AE6C8
:104B96005AE659E659E659E659E658E658E679EEF0
:104BA60099EEBAF6DAF6DAF6DAFEDBF6DBFEDAFECE
:104BB600FAF6DAF6B9EE77EE56E615E5D4DDB3D5B4
:104BC60072C51093ACAD77BE7C5B4F214608821050
:104BD600A21925218721671925190510E4086219EC
:104BE600873B5254186478959A3A6B18C329884AB9
:104BF600EE320984B6A5FC6C576455AE3CC6FECFB2
:104C06003EB69E9E3DB6DE447C02FA131A0B1A0A85
:104C1600FA0AFA12FA12FA0AFA0AFA0AFA12FA025E
:104C2600BA6CDCBE3C84BB9D7DADBEADBDB61EC6BA
:104C36009FCE9FD6BFD6DFDEFFE73FE75FEF7FEF72
:104C46007FEFBFE77FE75FE75FEFBFEF9FE79FE796
:104C56007FE75FD6DFDF5FDF5FE79FE7BFB63F4AED
:104C66008D318631A731A73146290539A7628B7B5D
:104C76008F9C52AC93BCD4C535CD76CDB7D5D8D59F
:104C8600D8D5D7D5F7DE18DE18DE38DE38DE38E6BA
:104C960058E679EE99EEBAF6BAF6DAF6DAF6FAF6F2
:104CA600FBF6FBF6DAF6B9F698EE77EE56E636EE52
:104CB60015E5D4CD31ACD1EF7FE79FADFB74134240
:104CC600AC2166216729872146192521C919462263
:104CD6000A4C175C587D1A8D794AED212652ED4B08
:104CE6000E3A2A6C34A61B8D187CB7B67DAE3DAE47
:104CF6007DBEFFAE7DC6DE9E5F239A0AFA0B1A0BB7
:104D06001A0B1A12FA12F90AF912FA12FA12FA021E
:104D1600BA6CDCBE1C84BB9D5DA57DADDEB5FFC651
:104D26005FCE7FCE9FDEFFDF1EE77FE77FEF7FEF61
:104D36007FE77FEFBFEF9FE75FEF9FEFBFE77FE77D
:104D46009FE79FE75FDF5FDF7FDF7FF7FFE77F5B41
:104D56002F318739A739A739873166314631462041
:104D6600E441A7730D8BD09410A451ACB3BD14BD10
:104D760035BD35C576CDB6CDD7D5F7D617DE17DE18
:104D860038DE58E679EE9AF6BAF6DAF6DBF6DBF6B0
:104D9600FBF6FBF6FBF6DAF6D9F6B9F698F698F6D0
:104DA60077EE56E614BCF1DEFCF7DFF7DFDF5FC611
:104DB600BF9DBB63D3428D218721463B1021E9224B
:104DC6000A4C175C988D9B7CF64B2F29A85BB24B3F
:104DD6000D4AED7433B5D9ADFA8D199DDCB69EC674
:104DE600FECF3FBEBEAE5DB69F651D031A131A0BFE
:104DF6001A0B1A12F912F912F912FA12DA12FA0247
:104E0600BA6CBCBE1B7CBA953BA59EADDEB5FEBE9C
:104E16003EC67ED6FFDF3FE73FE75FE75FE73FEF50
:104E26007FEFBFEF9FEFBFE75FE73FEFBFDF7FDFBC
:104E36007FEF9FDF3EDF3FE79FEFDFF7FFF7FFB52F
:104E4600F93A0939E839A739A7318731663187290F
:104E560045106220A33966526A5ACA7B6D93CE9476
:104E66000F9C50ACB2B514BD55C575CDB6D5D7D5CA
:104E7600F7DE38DE58E699EE9AF6BAF6BAF6DBFEB3
:104E8600FBF6FBF6FBFEFAFEDAF6DAF6B9FEB9F643
:104E9600B8F697EE77D573DEBBF7DFF7DFEF9FDF68
:104EA6005FDF5FD71FC69E9D7A6C555C3732CE1981
:104EB600A95C38751A9E1D9D99535129C85B935359
:104EC6002E84738CD584D6AE3C8D18BE9DDFBFCFA5
:104ED6003ECF3FC71FAE9DB6DFA67F2BBB02FA13A0
:104EE6001A0B1A1319131912F912FA12FA12FA02F4
:104EF600BA6CDCBE1B7C999D3CA57DADDEB5FEBEC5
:104F06003ECE9FD71FDF5FDF3FDF1FE75FEF7FE705
:104F16007FEF9FEFBFEF9FEFBFDF3FE75FE77FDFEB
:104F26005FEFBFEFBFDF7FDF7FEFDFFFDFF7DFEF93
:104F3600BF6B90422A420841C839A731663987318A
:104F46008718C418821882316631A75A8A8B2A9329
:104F56008B93CC93CD940F9C71ACD2BD34C575CDDB
:104F6600B6D5F7DE17DE58E679EE79EE99EEBAF6A3
:104F7600DAF6FBF6FBF6FAFEDAFEDAFEDAFEDAFE21
:104F8600D9F6B9F698DDD5DE59FFDFF7DFF7DFEFA3
:104F96009FE77FE77FDF5FDF3FDF5FC6DFA5FD7C43
:104FA600B77CFA8D9BAE9E9DBA84B531E86C1353DF
:104FB600308CD66BD1957AB65CAE5BD77FDF9FDF40
:104FC6009FDF7FE79FDF9ED77EDFBF963E1B9A0A55
:104FD600FA0B19131912F90AF912FA12FA12FA024D
:104FE6009A6CBCBE1B7C79951CA57DADBEB5FEC674
:104FF6007FCEBFD6DFD6FFDF3FE75FE77FE77FEFF6
:105006009FEF9FEFBFEF9FEF9FE77FDF3FE75FE7F2
:105016007FE79FE7BFDF3FDF5FE79FF7DFF7FFF73A
:10502600FF9D1752CE52CD4A4B39C8398739A73121
:10503600872125108218A318C331A7422972CA9363
:105046006AA3ABA3ECA3CC93AC8BCE9C50ACD3BDE4
:1050560034C595CDB6D5F7DE38E658E679EE99EE45
:10506600BAF6DAF6DAF6DAF6DAF6DAF6DAF6DAF6DA
:10507600DAF6D9F6D9DDF5D5F7FFDFFFDFFFFFF763
:10508600BFEF9FEF9FEF9FEF9FEF9FDF5FD73FD76A
:105096003FC6DFB67FA63D959B95595B9264135B31
:1050A600927C955B70BE7CCF1EBEBDD75FE7BFEF1F
:1050B600DFEFDFEFDFEFFFDF7ED73EDF7FB6FE3CC1
:1050C6001B02FA131A131912FA0AFA12FA12D90A59
:1050D600BA6CBCB5FB7C9A8CFB9D5CA5BEB61FC6A4
:1050E6005FCE9FCE9FD6DFDF3FE75FE77FE77FEFAD
:1050F6009FEFBFEF9FEFBFE79FEFBFE77FDF3FDF8A
:105106007FDF7FEFDFDF7FDF5FDF9FE7DFEFFFF729
:10511600FFD71D63D55392530F4A6B41C839C73920
:10512600A7316618A318A318822145420841E783D0
:105136000A9B8BABCBAC0CAC0C9BEB8B8C8BAD9CE2
:1051460050B4F3BD34CD95D5D7DE17E658E679EEE3
:1051560099EEBAF6DAF6DAF6DAF6DAF6DAF6DAF632
:10516600DAF6DAF6DAE616D5F7FFFFFFFFFFFFF706
:10517600BFF79FF7BFF7DFF7BFEF7FE77FEF9FEF41
:105186009FDF5FD73FCF1FC6FFBEBFB69FA61D9549
:105196007A7CF97C96BE9DC6BED75FE7BFEFFFE778
:1051A600DFE7DFE7BFE7BFDF9FBEDEA67EAE7E9608
:1051B6003D239A0AFA131912FA12DA12DA12D902EE
:1051C6009A6CBCADDA74598CFB953CA5BEB63EBE56
:1051D6003FC65FCEBFCEDFDF1FE75FEFBFEF9FE7C4
:1051E6007FEF9FEFBFEFBFEFBFE7BFE79FDF3FE771
:1051F6005FDF7FE7BFE79FDF5FDF9FE7DFEFDFEF81
:10520600DFEFDF955B63D75BB4534F4A6B41E839F9
:10521600C731A72104108310A31082292431864A9E
:1052260049936BA3ABA3ECABEBB40CB42CA3CB832D
:105236006B83CE9C71B513BD74CDB6D617DE58E61A
:1052460079EE99EEBAF6DAF6DAF6DAF6DAF6DAF6AA
:10525600FAF6DAF6DAE616CDB6FFFFFFFFFFFFF73E
:10526600DFFFDFF7DFF7DFF7DFF7BFEF9FF7DFF7E8
:10527600DFEF9FE79FE77FD73FD71FD71FCF3FCFF0
:105286001FC6DFAE7F9E1DAE5CB69DCF1EDF9FEFB5
:10529600BFEFFFE7BFDF9FCF5FB6BE95FDA65FB648
:1052A600DF9E5D2BD90AD912F912F912D912D90249
:1052B600996C9CADDA74598CDB9D5DA57DADDEBE27
:1052C6003EC67FCEBFD6FFDF3FDF5FE77FEF9FEFB4
:1052D6009FEF9FEF9FEF9FEFBFE79FE79FE75FDFA0
:1052E6003FDF5FE79FE79FDF3FDF5FE7BFEFDFE778
:1052F600BFEFDFC6BE7C9B6C395BB453304A8C4231
:105306002939C829661083108318821882292539FD
:10531600E85227938BA3CBABECABEBAC0CB42CAC29
:105326000C8B8B7B4B8BEEA4B1B534C595D5D7DEF4
:1053360018E658E679EE9AEEBAF6DAF6DAF6DAF61C
:10534600FAF6DAF6DAE617CDB6FFFFFFFFFFFFFF44
:10535600DFFFFFFFDFF7DFF7DFFFDFF7DFF7DFF75F
:10536600BFF7BFF7BFEF9FE77FE77FE77FDF7FD717
:105376005FD73FCF3FCF1FBEDFB69FAE5EAE5EBEEE
:105386009DC6DEB6BDA63DA65EA67FAE9FB6DFBEB7
:10539600FFC71F961D13590AD912F912D912D9023D
:1053A600796C9CB5DA6C188CFB953C9D5CADBEB5F2
:1053B600FEC67FD6FFD71FDF3FDF3FE75FEF9FEFDA
:1053C6009FE77FEF9FEFBFEFBFEFBFE77FE75FDFAF
:1053D6003FDF7FDF9FE79FD73FD71FDF5FE79FE76F
:1053E600DFEFDFD77FA5FF84FC6C385BB453504AF0
:1053F600AC3A0939E818C410621082108210822172
:105406000429455248938BA3EBA3CBABEBAC0BB46F
:105416002CBC4CA3CB72EA7B6D9C50ACF2BD54CD38
:10542600B6D5F7DE38E679EE99EE99EEB9EEBAF62C
:10543600DAF6DAF6FAE617C575FFFFFFFFFFFFFF9C
:10544600FFFFFFFFDFF7DFF7DFFFFFF7DFF7DFF72E
:10545600DFF7DFF7BFF7BFEFBFEF9FEF9FEFBFE7C6
:105466009FE77FDF7FDF5FD73FD71FCF3FCF5FC786
:105476001EB67FAE7FAE5EA63E95FDAE7EB69EAEF6
:105486007DB6BEB6DF757D133A12F91B1A12F90204
:10549600796CBCADDA6C188CFB951B9D5CA5BEB512
:1054A600DEC63FCEDFD6FFD6FFE73FE73FE75FEF3B
:1054B600BFEF9FEFBFEFBFEFBFEF9FE75FDF3FDFBE
:1054C6003FDF5FDF7FDFBFD75FD73FCF1FD73FE726
:1054D600DFEFDFDF9FBE9FAE3F84FC6BF75BD553EC
:1054E600514A6C422A298710821082108210821833
:1054F6008220E431865AAA836B9BCBA3CBABEBB459
:105506002BB44CC46CB42C730962EA8BEEA4B1B50F
:1055160033C595CDD6D617DE38E658E679EE99EE40
:10552600BAF6DAF6DADDD6BD34F7DFF7FFFFFFFFAE
:10553600FFFFDFF7DFF7DFFFDFFFDFFFDFF7DFFF6D
:10554600DFF7DFF7DFF7DFF7DFF7BFEF9FEF9FEF5D
:10555600BFEFBFF7DFEF9FE77FDF5FDF7FDF7FDF35
:105566007FD77FCF5FC71FBEDFBEDFB69FA61D8D6D
:105576007C9DFDA65E9E3E651C0B7A035B133A027C
:10558600B96CBCADDA6C1784BA953C9D5CADBEB502
:10559600FEBE1FC65FCEDFDF1FDF1FDF3FE75FEF09
:1055A6009FEF9FEF9FEF9FEF9FEFBFE77FDF1FDF2D
:1055B6003FDF3FDF5FDF7FD71FCF1FD73FDF7FEFA5
:1055C600DFEFDFDF7FBE7FBEBFA5FF7CBB64185B5E
:1055D600D64ACF428B3A0A18C3108210821082181C
:1055E6008218A221243A0939E7730B8B8D8B8B9392
:1055F600CB9BEC9BEC9BCC7B8D636D5AAA738C94F6
:1056060050ACD2BD54CDB5D5D6D617DE38E678E641
:1056160099EE9AEEBACD95B4D3F7DFF7DFFFFFFF29
:10562600DFFFDFFFDFFFDFFFDFFFDFFFDFFFDFF78C
:10563600DFF7DFF7DFF7BFF7BFF7DFF7DFF7BFF714
:10564600DFEFBFF7DFEFBFF7BFEFBFEF9FE77FE704
:105656007FE79FE7BFDF9FD75FCF3FD73FCF1FC60D
:10566600DFBEBFBEDFB69E95DD6D1C2C3B037A0206
:10567600B964BCADDA63F7849A8CFB9D5CAD9EB5CC
:10568600FEBE1FC65FD6DFD6DFDEFFE73FE75FE77A
:105696007FEF9FEFBFEFBFEF9FEF9FE79FDF5FDFDC
:1056A6003FDF3FD73FDF7FC6BFCEDFCF1FE7BFE776
:1056B600DFEFDFD77FB65FBE9FBEBF9D9E747A6C5D
:1056C6001853324AAC42AD318710611082108210F5
:1056D600A2188220A220E318E431C8636E5B2D5223
:1056E600CB73B07BF08C7373AF7C118C1062A96B9B
:1056F6000A8BEEA4B1B513BD74CDB6D5F7DE38DE90
:1057060058E679E679C534A471F7BFF7DFFFFFFFE6
:10571600DFFFDFFFFFFFDFFFDFF7DFFFFFFFFFF743
:10572600DFF7DFF7DFF7BFF7DFF7DFF7DFF7DFF7E3
:10573600DFF7DFF7DFF7DFF7DFF7FFF7DFEFBFF7BB
:10574600DFEFBFEFBFEFBFE7BFE79FDF7FDF7FDFA3
:105756005FD73FCEFECF1FCF1FBE9EAE7F759D3C4F
:105766001B857DADB963D7849A8CDA953CADBEB501
:10577600DEBE3FCE7FCEBFDEDFDEDFE73FE77FE781
:105786007FE77FEF9FEFBFF7BFEFBFEFBFE79FDF7B
:105796003FDF5FD73FDF7FCEFEC6BFCF3FE7DFE706
:1057A600DFEFDFCF1FAE1EB67FC6DFB65F8D1C7480
:1057B6005963D54AEE4AEE3A4B18A310821082106E
:1057C600A218A220A320C318A2212529C73A075B45
:1057D600918CF67C128CD683F18BEEB48FA42E4A74
:1057E600695AAA7BAD9C50ACF2BD54C595CDD6D6B0
:1057F60017DE38DE38ACD38C10EF9FFFFFFFFFF7C4
:10580600DFFFDFF7DFFFFFFFDFF7DFFFDFFFDFF79A
:10581600DFF7DFF7DFF7DFF7BFF7DFF7FFF7DFF7D2
:10582600DFF7DFF7DFF7DFF7FFF7FFF7DFF7FFF762
:10583600DFF7DFF7DFEFDFF7DFEFDFEFBFEF9FEF3A
:10584600BFE79FDF7FD73FDF5FD75FCF1FC6FFB6BC
:10585600BFCF1FADB963D67C798CDA951BA55DB534
:10586600FEBE3FC65FCE7FD69FDEDFE73FE75FE740
:105876007FE77FE77FEFBFF7DFEFDFEFBFE77FE78A
:105886007FDF5FD75FD75FCF1FD73FDF9FE7DFE7BA
:10589600BFEFDFC6BE9D7EAE1EBEBFBEDFA5DF7CF0
:1058A6009B6C5853104B0F430F29661061108210E2
:1058B6008218A220C3290428E331853A0739C84251
:1058C6008A52CB52EC4AED93CCAC4FB48E93ED4258
:1058D600EE426A4A69734C8C0F9C91AD13BD74C538
:1058E600B5D5F7C5D69C71736DE75EFFFFFFFFFF69
:1058F600FFF7DFF7DFFFFFFFFFF7DFFFDFF7DFF77A
:10590600DFF7DFF7DFF7DFF7BFF7DFF7DFF7DFF701
:10591600DFF7DFF7DFF7FFF7DFF7DFF7DFF7DFF7B1
:10592600DFF7DFF7DFF7DFF7DFF7DFF7DFF7DFEFC9
:10593600DFEFBFE7BFE7BFE77FDF5FDF7FD73FCFA1
:105946001FDF7FADDA5BB6747884BA94FB9D3CADFD
:10595600BEBE1FC65FCE7FCE7FDEFFE75FE75FE797
:105966007FEF9FEF9FEFBFEFDFF7DFEFDFE79FE709
:105976009FDF5FDF7FD75FC6FFCEFFE79FE79FE72B
:10598600BFE7BFBE9E9D7EB65FBE9FBEBFB65F85AC
:105996003D749A5B934AEF4B50428C18C3106210C9
:1059A60082108218C328E3290418A218A23A4A5B77
:1059B600B25B916B8F83AD9C2DA44EAC4D734C3A6C
:1059C600CE42EE430E42495AAA7B8D940FA4B2B53D
:1059D60033BD55B53483EE5ACBDEFDFFFFFFFFF72F
:1059E600DFF7FFF7DFF7DFF7DFF7DFF7DFF7BFF701
:1059F600DFF7BFF7DFF7BFF7DFFFDFF7DFF7DFF729
:105A0600DFF7DFF7DFEFDFF7DFF7DFFFDFFFDFFFD0
:105A1600DFF7DFF7DFFFDFF7DFF7DFF7DFF7DFF7C8
:105A2600DFF7FFEFDFEFBFEFBFEFBFE77FDF5FD748
:105A36005FE79FA5995BB574787C7994FBA55DAD0E
:105A46009DB5DDBE3ECE7FD6BFD6DFDF1FE75FEF5B
:105A56007FEF9FEFBFEFBFEFBFF7DFF7DFEFBFE7E8
:105A66007FDF7FDF5FD73FCEFFD75FE79FE79FE709
:105A76009FE7BFB67E957EB65FBE7FBE9FB69F9DF3
:105A8600FE84DB6C174B104B514B5131A810621042
:105A9600611062108218A318A3188118A232086C2C
:105AA6001253706BF1940E9C0DA42D9C2E4B0D3A47
:105AB6006C3AEE4B5042CD3A294A2862CA83AD94DD
:105AC60050A4B294716B4C5269D6BBFFFFFFDFF74F
:105AD600DFEFBFF7DFF7DFF7BFF7DFF7BFF7DFF778
:105AE600DFF7DFF7DFF7DFF7DFF7DFFFDFF7DFF7F8
:105AF600DFFFDFF7DFF7DFF7DFF7DFFFDFFFDFF7D8
:105B0600DFFFFFFFFFF7DFF7DFF7DFF7DFF7DFFF87
:105B1600FFF7DFF7FFF7DFF7DFEFDFEFDFEF9FDFFF
:105B26007FEFDFA5B9539574587C998CFB9D3CADEE
:105B36009DADBDBE3ECEBFD6DFDEFFE73FE75FE7EA
:105B46007FEF9FEFBFEFBFF7DFEFBFF7DFEFBFEFEF
:105B56009FDF7FD77FD73FCF1FDF7FE79FE79FE797
:105B6600BFE7BFB67E955EAE1EB65EB69FB67FAE8B
:105B76005F9DBE749A53734B514BB342EE18E518B2
:105B8600C418E52126210621062126214621673152
:105B9600EA320B322B52AC7B4C8BAC83CE430E32AB
:105BA600AD3AAE3A8C3A8C3ACE3A8B3A284A2862CB
:105BB600EB736D6B4C52894228CE9AFFFFFFFFF7BD
:105BC600DFEFBFEF9FF7DFF7DFEFBFF7DFF7DFF7B7
:105BD600DFF7DFF7DFF7DFF7DFF7FFF7DFF7DFF7EF
:105BE600DFF7DFF7DFFFDFFFDFF7DFFFFFF7DFF7C7
:105BF600DFFFFFF7DFFFDFFFDFF7DFFFFFFFFFFF5F
:105C0600DFFFDFF7FFFFFFF7FFF7DFF7DFF7DFEF76
:105C1600BFF7BFA57853956C377C998CDA94FBA5B2
:105C26007CB5DEC63FC67FCEBFDEFFDF3FE75FE760
:105C36009FEFBFEFBFEFBFEFBFEFBFEFBFEFBFEF0E
:105C4600BFE79FDF7FD75FC6DFD75FE7BFE7BFE767
:105C5600BFDF9FAE3E8D3DAE3FBE9FAE5EB69FAEF2
:105C66005FAE3F853D5BF542EF3A8D324C29EA3116
:105C7600EA31EA31EA29A929A929A9218829A921EC
:105C860089218829A9218929AA39C93A2A322B3298
:105C96008D3ACE326C29C832093AAC3ACD324B3104
:105CA600C741E7420839C739C7C639FFFFFFFFF7C3
:105CB600DFE77FEF9FEFBFEFBFF7DFF7DFF7DFEF3E
:105CC600BFF7BFF7FFF7DFF7DFF7DFF7DFF7DFF73E
:105CD600DFF7DFF7DFF7FFF7FFFFFFF7DFF7DFF7A6
:105CE600FFF7DFF7FFF7FFF7DFF7FFF7FFF7FFF73E
:105CF600DFF7DFF7FFF7FFF7FFF7DFF7BFF7DFF7AE
:105D0600DFF7DF9D78539574387C7984BA94FBA5C8
:105D16005CB5DEBE3FC67FCE9FD6BFDF1FE77FEFF7
:105D2600BFEFBFEFBFE77FEFBFEFBFEFBFEF9FEF65
:105D3600DFEFDFDF7FDF7FC6DFD75FDFBFDF9FDF1E
:105D46009FDF7F9DBD851CA5DDBE9FB67FB69FB636
:105D56007FAE1E7C76428E322B3A2B320A320A31C5
:105D6600EA29A929C921C929CA29EA29CA29EB295F
:105D7600EB2A0B29CA29CA29CA29CB29EA21CA2111
:105D8600AA29CA322B324B2A09320A3A8C43303AB4
:105D9600EF29C8212529252946BDF8FFFFFFDFF792
:105DA600DFE77EEF9FEF9FE77FEFBFF7DFEFBFF7FE
:105DB600DFEFBFF7DFF7DFF7DFF7DFF7DFF7DFF755
:105DC600DFF7DFF7DFF7FFEFDFF7DFF7DFF7FFF7E5
:105DD600DFF7DFF7FFF7FFF7DFF7DFEFDFF7FFF7B5
:105DE600FFF7FFF7DFF7DFF7DFF7DFF7DFF7DFEFC5
:105DF600BFF7DFA57853746C17745884999D3CA53A
:105E06009DADDEBE1EC65FCE9FD6DFE75FEF9FEF7E
:105E1600BFEFBFEF9FEFBFEFBFEFBFEFBFEFBFEF2C
:105E2600BFE7BFE79FDF5FC6FFD77FDFBFDF9FDF2D
:105E36009FCF3F957D84FC9D9DB67FAE5FA5FD6C93
:105E46001442AE29C9322B3A8D3A6C322B29C9211C
:105E56006821A929C929EA2A0B29CA29EB29EB2A8B
:105E66000B326C21A929EB29EB21CA21EB21EB216D
:105E7600EB21AA216921AA29EB322B322A3A8C3A44
:105E8600EF3AAE324B21461904AD56FFFFF7DFF766
:105E9600DFE79FDF5FDF7FEFBFEF9FE75FE77FEF24
:105EA600BFEFBFEFBFEFBFE79FEFBFEFBFEFBFEFA4
:105EB600DFF7FFF7DFF7DFF7FFF7FFF7FFF7FFF78C
:105EC600FFF7FFF7FFF7FFF7FFF7FFF7DFF7FFF73C
:105ED600FFF7FFF7FFF7FFF7DFF7FFF7FFF7FFEF34
:105EE600DFF7DFA59853746BF77C588499951CA54A
:105EF6009DB5FEBE1FC65FCEBFDF1FE75FE75FEF44
:105F06009FEFBFF7DFF7DFEFBFEFBFEFBFEFBFEFEB
:105F1600BFE7BFE79FDF7FBE9ECF3FD77FD77FD745
:105F26005FB69F84FC7CDB8D3CA5FE957B3A4C29B5
:105F3600C9322C3A4C324C3A6C3A4B29EA21882920
:105F46008929CA29C921C929EA2A0A324C2A2B29B0
:105F5600EA21A821A9326D2A2D29EC2A6D2A2C21A5
:105F6600EB220B21AA21AB218A29CA320A32093235
:105F76000A328D3AEE3AEE19888C93FFFFF7DFFF6F
:105F8600FFE79FD71EDF5EE79FDF5FDF7FDF7FE7ED
:105F9600BFEF9FEFBFE79FE79FEFDFF7BFF7DFFF9B
:105FA600FFFFFFF7DFF7DFFFFFFFFFFFFFFFFFFF4B
:105FB600FFFFFFFFFFFFFFFFFFFFFFFFFFFFFFFFEB
:105FC600FFFFFFFFFFFFFFFFFFFFFFFFFFFFFFFFDB
:105FD600FFFFFFA5784B746C387C59849A8CFBA51F
:105FE6005CADDEB61EC6BFD6FFDF1FDF1FDF3FE795
:105FF6007FEF9FF7DFEFBFF7DFEFDFEFBFEFBFEF1B
:106006009FE7BFE79FDF7FD75FD77FD75FD77FC683
:10601600FF9DBE749A74797CDB955D4ACD19063A6C
:106026002B3A4C3A6D3A6D322B320A29C92188290E
:10603600CA29CA29EA29EA322C2A0B2A2B324C29E8
:10604600A91968326E328F2A4D326D2A2D2A2C2AD2
:106056000B220B2A2D29CB21AB21AA21AA320A32E7
:106066002A320A322B3A8C2A6C7412FFFFFFDFFFAA
:10607600FFE79FDF7FE7BFD73ED73FDF7FDF7FEFBB
:10608600BFEFBFEF9FF7DFF7DFF7DFF7FFFFFFFF9A
:10609600FFFFFFFFDFFFDFFFFFFFFFFFFFFFFFFF4A
:1060A600FFFFFFFFFFFFFFFFFFFFFFFFFFFFFFFFFA
:1060B600FFFFFFFFFFFFFFFFFFFFFFFFDFFFDFFF2A
:1060C600FFFFFFA5784B346C387C7A84BA951C9D0B
:1060D6003CA5BDB65ECEBFD6FFD6FFDF1FE73FE7C6
:1060E6007FEF9FEFBFEFBFEFBFEFFFEFDFEF9FE762
:1060F6009FE79FE79FDF5FD75FCF5FC71FC71FAED3
:106106005F84FC6C396C5874B96393216721683AD3
:106116004C3A6C3A4C322B322A2988298829A92AEA
:106126000A29EA29CA2A0B2A0B31EB324B21E9212B
:10613600CA2A2D2A4E324F326E2A6D328E2A4C2AA8
:106146004D220C2A2D2A0C29EC21CB21AA196929CA
:10615600A9324B322B322A2A2B5B90F7BFFFFFFF67
:10616600FFF7DFE79FDF7EDF5FD71EDF5FDF7FE7BB
:106176005FE75FE77FF7DFF7FFF7DFF7FFF7FFFF81
:10618600FFFFFFFFFFFFFFFFFFFFFFFFFFFFFFFF19
:10619600FFFFFFFFFFFFFFFFFFFFFFFFFFFFFFFF09
:1061A600FFFFFFFFFFFFFFFFFFFFFFFFDFF7DFF749
:1061B600DFFFFFA57953756C18747A84BB8D1D9D1E
:1061C6009EA5BEB63FC67ECEDFD6FFDF1FE73FE702
:1061D6007FEF9FEF9FEFDFF7DFEFDFEFDFEFBFE749
:1061E6007FDF7FDF5FD73FCF3FC71FBEDFAE3F9565
:1061F6007E747A641764175BB5320B192731EA3A55
:106206004C3A4C3A4C31EA2188216829EA2A2B2952
:10621600EA2A0B320B2A2B2A4B2A2B21A921A93237
:106226008E2A8F2A4E2A4E328E2A6D2A6D2A4D22AA
:106236004D2A6D21EC2A0C2A2D21AB21AA21CB193E
:10624600272188328D326C326C532EEF9FFFFFFF71
:10625600FFF7FFE77EE77EDF5EDF3EDF3FDF5FD7EC
:106266001FD71EE79FEFBFEFDFF7FFFFFFF7DFF751
:10627600DFFFFFFFFFFFFFFFFFFFFFFFFFFFFFFF48
:10628600FFFFFFFFFFFFFFFFFFFFFFFFFFFFFFFF18
:10629600FFFFFFFFFFFFFFFFFFFFFFFFFFFFFFF710
:1062A600DFFFDFADFB6419749A7CBB8CFC957DA582
:1062B600BEB5FEADDEC67FCEBFD6DFDF3FE75FE70A
:1062C6007FEF9FEFBFEFDFF7DFEFDFEFDFEFBFEF30
:1062D6009FDF5FDF7FD75FC6FFB69F9DFE8D3E7C4B
:1062E600DB641763B663B53AAF29AA2168322C3A44
:1062F6004C3A4C322B29A82168320B2A0A21EA296A
:10630600EB320B320B29EB2A0A21C92189326F3273
:106316007032B02A8E2A8E326D324D2A8D2A6E2A1E
:106326004E2A6E220C2A2C2A2C21EC21EB21EC2160
:10633600AA10E52A0A32CE2A8C3ACCDEFCFFFFFFF1
:10634600DFF7DFE75FDF3ED73EDF5FE77FD71EC6BB
:10635600BECF1FD75FE79FEFDFF7FFF7FFF7FFF728
:10636600FFF7DFF7FFF7FFFFFFFFFFFFFFFFFFFF6F
:10637600FFFFFFFFFFFFFFFFFFFFFFFFFFFFFFFF27
:10638600FFFFFFFFFFFFFFFFFFFFFFFFFFF7FFF727
:10639600DFFFFFBE3C74BC8D5E959EA61FB67FBE1A
:1063A600BFBE7EC6BFC69FCEBFD71FDF5FE75FE714
:1063B6007FEFBFEFDFEFDFEFBFEFDFEFDFEFBFEF27
:1063C600BFDF7FDF5FD75FC6DFA5FF8D5D7CDC6447
:1063D600385BB55BB453113A2C216729C93A2C3284
:1063E6002B3A2B29EA21882A0B2A0B29EB29EB29A0
:1063F600EA2A0B29EA29EA21872189329032B02A32
:106406006F328F328E2A6E2A4D2A4D2A6D2A8E328F
:106416008E2A4D222D2A4D2A4D220C21EC21EC21CB
:10642600CB19691106324C32CD224CB5F9FFFFF774
:10643600DFF7DFE77FCEFED71ED73FD71EC6DEC605
:10644600DECEDED75FDF5FEFDFF7DFEFBFF7DFF729
:10645600FFF7FFF7DFFFFFFFFFFFDFFFDFFFFFFFB6
:10646600FFFFFFFFFFFFFFFFFFFFFFFFFFFFFFFF36
:10647600FFFFFFFFFFFFFFFFFFFFFFFFDFF7DFF776
:10648600FFFFFFB5FB6C5B7CDC851E9DDFAE5FBE50
:10649600DFCF3FCF5FDF9FDF9FE7BFE7BFE7BFEFFE
:1064A600DFEFDFEFDFEFDFEFDFEFDFEFDFEFDFEF76
:1064B600BFE79FDF7FD71FB65F84FD747A5BD65335
:1064C6007353725351322C320B21473A6D3A6C3A60
:1064D6004C29CA21A929EB2A2B2A4C2A2B2A0B2A1A
:1064E6000B2A0B29CA218821482A4E32D02A4E323D
:1064F6008F2A4E2A6E2A6E2A6E2A6E2A8E2A6E2AB5
:106506006E2A6E224E224D224D220C21EC21EC21C8
:10651600CC21AC11061947322B2A2B9537FFFFF7F2
:10652600BFF7DFE79FD71ECEFEC6FEBEBEC6DFC6DE
:10653600DECF3FD73EE77FE79FE77FEF9FF7DFEFAF
:10654600DFEFDFF7DFF7DFF7DFF7FFF7FFF7FFFF35
:10655600FFFFFFFFFFFFFFFFFFFFFFFFFFFFFFFF45
:10656600FFFFFFFFFFFFFFFFFFFFFFF7DFF7DFF78D
:10657600FFFFFFB61C6C7B7CDC84FD959FAE3FB6AF
:106586007FC6FFCF5FD79FDFBFE7DFEFFFEFFFEFEE
:10659600FFF7FFF7DFEFDFF7DFEFDFEFBFEFDFEF4D
:1065A600DFE7BFDF7FD71FA5FE74795BD54B114AA6
:1065B600CF53103A8D322C29A92168426D3A4C29C5
:1065C600CA2189322B320B29EA2A0B2A0B29EA2106
:1065D600EA21CA218821272A2D2A8F2AAF2A4E2A64
:1065E6006E2A4D2A4D2A4D2A6E2A6E2AAF2A8F22EE
:1065F6004E2A6E2A6E222C224D222D220D220C228C
:106606000C21CC218A192629A7218763B0FFDFF741
:10661600BFF7DFE79FD73ECF3EB69DB69EBEBEC64E
:10662600BED71FDF3FDF7FDF5FDF5FEFBFEFDFEF4D
:10663600BFEFDFEFBFEFBFEFDFF7DFF7FFF7FFFFDC
:10664600FFFFFFF7DFF7FFFFFFFFFFFFFFFFFFFF84
:10665600FFFFFFFFFFFFFFFFFFFFFFFFFFF7DFF774
:10666600FFFFFFB5FB6C7B851D851E959FAE5FB654
:106676007FC6FFCF7FD79FDFBFE7DFEFFFEFFFF7D5
:10668600FFF7FFFFFFFFFFF7FFF7FFF7FFEFDFEF74
:10669600DFE7BFDF7FDF3F9D9C53B5433142AD4A05
:1066A6008D4AAD31EA322C214729EA322B29EA21DB
:1066B6006929EA326C29CA29CA21A929C929A9291D
:1066C600EA2188192629AA326E2A6F328F32AF3212
:1066D6006E2A2D2A4E2A4D2A4D2A6E2A8F2A8F2A55
:1066E6004E2A8F2A6E2A6D222D222D222D2A2D2A00
:1066F6002D21EB21CC1968216719053A29EF7FF77F
:10670600BFF7BFE77FCF1ECF1EAE7DB67EC6BEC625
:10671600DEBEBED71FD73FD75FE7BFEF9FE77FEF4E
:10672600BFEFDFEFBFEFDFEFDFEFDFF7DFF7FFFFF3
:10673600FFFFFFFFFFF7FFF7DFF7DFFFFFFFFFFFBB
:10674600FFFFFFFFFFFFFFFFDFF7DFFFDFF7FFF7CB
:10675600DFFFDFB5FB6C7B855E8D3F8D7FAE5FBE59
:106766009FC6FFCF5FDFBFDFBFE7DFEFFFF7FFF7B4
:10677600FFFFFFFFFFFFFFF7FFF7FFF7FFF7FFF74B
:10678600DFEFBFDF7FDF5F9D9C433142CE3A2A4277
:106796006B3A2B29CB29EB1905320B324C31EB32F4
:1067A6000B324C320B29A929AA2989216829892962
:1067B600C919052189326E2A6F2A8F328E2A6D2ACF
:1067C6002D2A2C2A2C2A2D2A4E2A4E228E2A6D2A32
:1067D6004E222E2A6E2A6E224D220D2A4E2A4E193E
:1067E600EC220C21EC21AB194610A32146DEFDF765
:1067F600DFF7BFEF9FD71EB67DA63DAE3DBEBEC638
:10680600DEC6FEC6FFBE9EDF7FE7BFDF5FDF7FE738
:106816007FE79FEFBFEFBFEFBFEFDFF7DFF7FFF7D2
:10682600DFF7DFF7FFF7DFF7DFF7DFF7FFFFFFF74A
:10683600FFFFFFFFFFF7FFFFFFFFDFFFDFF7DFF7DA
:10684600DFFFDFB61C6C9C855E8D5F9DBFB67FB695
:106856009FC71FD75FD79FDFBFEFDFEFFFF7FFF7BA
:10686600FFFFFFFFFFFFFFFFFFFFFFFFFFF7FFF742
:10687600FFF7FFEFBFDF5F957B42CE3A6B31C8393A
:10688600E929A929EB29EA2147320C324B322B326E
:106896002B322B31EA218829AA29892147218819F7
:1068A60006192729EC2A6E326F32B02A8E2A2D2A33
:1068B6000C2A2C2A0C222D2A4E222D224E224D2A1B
:1068C6004D2A2D2A4E2A4E222D29ED2A0D220D2241
:1068D6000D220D2A0C21CC1927088210E4C65AFF76
:1068E600DFF7BFF79FC6BDB67DA63DA61DBEBEC6D9
:1068F600DECF1FC6FFCF1FDF7FDF5FDF7FDF7FE7D4
:106906007FE77FE79FE79FE7BFEFDFF7FFF7DFEF61
:10691600DFEFDFF7DFF7DFF7DFF7DFF7DFF7FFFFA1
:10692600FFFFFFF7FFF7DFF7DFFFDFF7DFF7DFF741
:10693600DFFFFFADFB6C5B851E8D5F9DFFB69FBEC7
:106946009FC6DFCF3FD79FE7DFEFFFEFFFF7FFFFE2
:10695600FFFFFFFFFFFFFFFFFFFFFFFFFFF7FFF751
:10696600FFF7FFF7DFEFDFAE1B3A4C31E931A83115
:10697600A82989320C21A9212729EB2A0B31EB32D0
:106986000B29C929CA196829CA216721271906109E
:10699600E529AA29EC2A6E2A6F2A6E2A4D220C2A8C
:1069A6000C2A0D2A0C220C224E2A6E2A4E2A6F2AF7
:1069B6006E2A4E222D220D222D2A4E224E1A0C2AE6
:1069C6002D220D2A2D21CC196910A30862A536FFA8
:1069D600FFF7BFF7BFC69CBE7DAE5C9DFCA63DCF54
:1069E6001FBEDFC6FFDF9FDF5FD75FDF7FE79FE763
:1069F600BFDF7FDF5FE7BFEFDFF7FFF7DFEFDFF731
:106A0600FFEFDFEFBFF7DFF7FFF7FFF7DFF7DFF7A0
:106A1600FFFFFFF7FFF7DFEFBFF7DFF7DFF7DFF780
:106A2600DFFFFFAD995BB7745A84DD957EB65FBE16
:106A36009FBEDFC73FD79FE7DFEFFFF7FFF7FFF701
:106A4600FFF7FFFFFFFFFFFFFFF7FFF7FFF7FFF778
:106A5600FFF7FFF7DFF7FFE79F532F298831A829B4
:106A66008829AA3A2C216721482A0B322B3A4C3224
:106A76006C29EA2169216821882127192710E5193F
:106A86004729AB29EC2A2D2A2E2A4E324D2A0C29CB
:106A9600EB29EB29EC2A0C224E2A4E2A6E2A6F2A63
:106AA6006F224F222E220D220E2A4E2A4E222D2AE8
:106AB6002D222D220D21CD21AB10C400426B8FFF5C
:106AC600FFF7DFFFDFDF5EAE5D9DDC9E1DA63DB6F8
:106AD6007EB69ECF5FD73FD75EDF7FDF7FE7BFE71C
:106AE600BFDF7FD75FDF7FEFDFEFDFEFDFEFDFEFC8
:106AF600DFEFDFEFDFEFBFEFDFF7DFF7FFF7DFF700
:106B0600DFF7FFF7FFF7FFF7DFF7DFF7DFF7DFF76F
:106B1600DFFFFFAD99535463D76C387C9A9D9EAEC8
:106B26003EBEDFCF5FDFBFE7DFEFFFEFFFF7FFF729
:106B3600FFF7FFF7FFF7FFFFFFFFFFF7FFF7FFF78F
:106B4600FFF7FFF7DFF7DFF7FFADB82988316729D1
:106B560089320B3A2C10E521693A2C320C322C2A58
:106B66000B31EA21892168190621471905192729B8
:106B76008A29AB31EC2A0D2A2D2A2D2A0D2A0C2A18
:106B86000C2A0C2A0C220D2A2D2A6E226F2A6F2A15
:106B96006F224E224E220E2A0D220D2A2E220D2261
:106BA6002E224E220D220D21CD190708624AABF77F
:106BB600DFF7DFFFDFEF9FB67DA61D8DBCAE9EAE75
:106BC6005EAE7EC71FD73FD77FDF7FE79FE79FDF9A
:106BD6009FE7BFDFBFE7BFE79FE79FEFBFEFDFEFAF
:106BE600BFEFDFEFDFEFDFEFDFF7FFF7DFF7DFF70F
:106BF600DFF7FFF7FFF7DFF7FFF7FFF7DFF7DFF75F
:106C0600DFFFFFA5785BB684DA957CA5FEBEBFCF15
:106C16001FCF3FD75FE7BFE7DFE7DFEFFFF7FFFFF6
:106C2600FFFFFFF7FFF7FFFFFFFFFFFFFFF7FFF78E
:106C3600FFF7FFF7DFF7DFF7FFDF5E424B2146295D
:106C4600AA29CB322C10E521A9320B324C320C3A50
:106C56002C320B29A921271906212611052169297C
:106C66008929AA29CB29EC2A2D2A2D2A0D29EC2996
:106C7600EC29EC2A0D2A2D2A2E222E224F2A6F2AA3
:106C86004F2A6F224F2A4F2A4E222E224F222E2281
:106C96002E224E2A6F220E21EE196A10A32967DFD3
:106CA6001DFFFFF7DFEF9FCEFDB67D8DBC95FD9DE9
:106CB600FDB69EBEBEBEFECF5FD77FD77FD75FDF56
:106CC6009FE7BFEFFFEFDFE79FDF9FDF7FE7BFE7CE
:106CD600BFEFDFEFBFEFDFF7FFEFDFEFBFEFDFF76E
:106CE600FFF7FFEFFFF7DFF7FFF7FFF7DFF7DFF756
:106CF600DFFFDFBE5D853EA5DFAE5FB65FBEDFCFE1
:106D06001FCF3FD77FE7BFE7DFEFDFEFFFF7FFF7E5
:106D1600FFFFFFFFFFFFFFFFFFFFFFFFFFFFFFF785
:106D2600FFF7FFF7DFF7DFF7FFF7FFADB7216831B2
:106D3600CB29EB322C11052A0B322C324D324D3237
:106D46002C29EB21681906212710C521282169293C
:106D56008A29CB29EC29EC2A0D2A2D2A0D29ED2981
:106D6600CB29CC2A0D2A0D220D2A2E222F224F2284
:106D76004F226F224F2A4F2A4F222E222E224E2298
:106D86002E2A4E2A8F2A2E222F21AB10C408C4BECB
:106D960019FFDFF7BFEFBFC6DEAE3CA63D95DD951A
:106DA600FDA63DAE5DB67EC6FFD75FCF5FCF1ED7D1
:106DB6005FEFDFF7DFEFDFE7DFE7BFD77FDF7FEFED
:106DC600DFEFDFEFDFEFDFEFDFEFBFEFDFEFDFEF6D
:106DD600DFEFBFEFFFF7FFF7FFF7DFF7FFF7FFF78D
:106DE600FFFFFFBE3C84DC9D9E9DBFA5FFB67FBE18
:106DF600BFD73FDF7FDF7FDF5FDF7FE79FE7BFEF45
:106E0600BFEFDFF7DFF7FFF7FFF7FFF7FFF7FFF754
:106E1600FFF7FFF7FFF7FFF7FFEFFFDF9E426C2953
:106E26008A320C322C18E529EA322C324D326D3278
:106E36000C29EA2147190618E519062149298A2944
:106E4600AB29EC2A0C2A0D2A0D2A0D2A0C29ED292C
:106E5600CC29CC29EC2A0D2A2E2A4F2A6F226F2AFA
:106E660070224F2A702A70224F222E2A2E222E227C
:106E76002E2A4F224E222D220F21CC192700838441
:106E860073FFDFF79FF7BFBEBEB69DA65D9E1DA62C
:106E96005E9E1DA63DB67EC6FEC6FECF1FCF3FDF59
:106EA6007FE79FE79FEFDFEFDFE7BFDF7FE7BFE724
:106EB600BFEFDFF7FFF7FFEFDFEFDFEFDFEFDFEF2C
:106EC600BFEFDFF7FFF7FFF7FFF7DFF7DFF7FFF7B4
:106ED600FFFFFFB5FB745984DC8D1D9D9DA5BEA5E6
:106EE6009EC67FD6FFCEDFCEDFD6FFD73FDF5FE77A
:106EF6007FE79FE79FE7BFEFDFEFDFEFBFEFDFEF54
:106F0600DFF7DFF7DFEFDFEFDFEFBFDF9F4AAC2111
:106F1600693A4D322B18C529CA320B3A4D3A2C31F3
:106F2600EB29891906190610C52148216921CA29A4
:106F3600EC320D320C2A0D2A0D29EC21EC29ED2913
:106F4600ED21AC21CB29EC2A2E2A6F224F2A6F2A5B
:106F56009022702A702250222F220F222F222E22B8
:106F66002F2A6E226E222D222E21EE196808A35397
:106F76000EF7BFF79FEFBFD75FBEDEA63DA63D9ECD
:106F86003D95FDA63DAE7EB69EBEBEBEDFCF3FDFC3
:106F96007FE7BFE7BFDF9FE7BFEFDFEFDFEFDFEFA3
:106FA600DFEFDFEFFFEFBFEFDFEFFFEFDFE7BFE77B
:106FB600BFEFDFF7DFF7DFF7DFF7FFF7DFF7DFF723
:106FC600FFFFFFADB96C187CBA8CDB953D953C9DF7
:106FD6005DBE1FC67FC69FD6FFD73FDF5FE77FE751
:106FE6007FE79FE79FE79FEFBFEFBFEFDFEFDFEFA3
:106FF600DFF7FFF7DFEFBFE79FE77FD73F3A0A21CB
:10700600893A8D29A918E529EB320C3A6E322C29DA
:10701600CA1927190618E521472989298929CA2A5B
:107026000C320D31EC2A0D2A0D2A2D2A0C2A0D2997
:10703600CD29CC29EC29EC2A4E2A6F224F22702228
:10704600702A902A7022702A502250224F226F22D4
:107056004F228F228F226E224F21EF196908A43A00
:107066004BDF5FF7BFEFBFE79FBE9D9E1DAE7E9EC7
:107076001E95FDAE7EA65EAE7EB69EBEDECF1ED74A
:107086005FDF9FDFBFDFBFD77FE7BFEFFFEFDFEF3A
:10709600FFEFDFE7BFE7BFE7DFE7BFE7BFE79FEF4A
:1070A600BFEFFFF7DFF7DFF7DFF7DFF7DFF7FFF712
:1070B600DFF7FFADBA6C387CBA8D1C8D1C8CDB9D5E
:1070C6005DA59EBE3EC69FCEBFD71FE79FE79FE743
:1070D6007FDF5FE77FEFBFE79FE79FEFBFEFDFEF62
:1070E600DFEFDFEFBFEFBFDF7FDF5FCF1F3A2C2978
:1070F600EB42CF19671905320C3A4E3A6E320B291C
:1071060088190618E51906296831AA298A29CB297A
:10711600EB29EC2A0D322D2A2D2A0D29EC29EC29F2
:10712600ED29EC29CB21EC2A4F22702A702A4F2A0E
:1071360070227022702250224F2A70225022702212
:107146004F2A6F226E224E224E220F21AB10E421CF
:10715600A8CEDDFFDFF7BFEFBFB69EAE7EA67D9E53
:107166001E9E1DA67EA65DA65EAE9EC71FCF3ED7FF
:107176007FCF3FD77FDF7FE7BFEFDFEFDFEFDFEFC9
:10718600FFEFDFEFDFEFFFDFBFE7BFE79FEFDFEFE9
:10719600DFEFFFF7DFF7DFF7DFF7FFF7FFF7DFF7E1
:1071A600DFFFFFB5FA6C597C9A8D1C8CFC94FC9D14
:1071B6005D9D5DADDEC67FCEBFD73FDF7FE79FE734
:1071C6009FDF3FE77FE77FE79FEF9FEFBFEFDFEFB1
:1071D600BFE79FE79FDF7FE79FD73FCF1F74342925
:1071E600AB3A8E19462127322D324D322D2189197F
:1071F6002618E518C52148216929CB29CB29CB2A90
:107206000C29EC2A0D2A0D2A0D29ED29CC29CC2989
:10721600CC29AA21AB220D2A7022902A902A4F222D
:10722600502250227022502250224F224F224F22AB
:107236002F224F224F224E2A8F222F19CD110511B0
:1072460005A598FFFFF7BFF7DFC6FFAE7E9DFD9E43
:107256003DA65E95FC9E1DAE5EBEFFBEDEC71FCF81
:107266005FD77FD75FDF7FEFDFEFDFEFDFEFDFEFA8
:10727600DFEFDFEFFFE7DFE7DFEFDFEFDFF7FFF758
:10728600FFF7DFEFBFF7DFF7FFF7FFF7DFF7DFF710
:10729600FFFFFFB5DA63F87C9A8CFC951D9D7EA5F1
:1072A6009EA57EB5DEC65FCEBFD73FD73FDF5FDF89
:1072B6003FDF5FDF5FDF5FE79FE79FEFBFEFDFE760
:1072C6009FE79FE79FDF5FDF5FDF5FCF1FC6BD4A98
:1072D600EE3A6E19052989320C322C29CB2147103A
:1072E600E510C521272169218931CB29EC29EC2A12
:1072F6002D220C2A0C2A0D29EC29EC29AB29CC29A4
:10730600CB218A29EC2A4F2A6F2A702270222F223B
:107316002F2A702270225022502250227022702270
:107326004F224F224F2A6F226F224F220E11271013
:10733600C48474FFFFF7BFF7DFD75FA63E8DDDA6D7
:107346005EA65E9E3E961DA65EB6BEBEFEC71FBE6E
:10735600DED77FE7BFEFFFEFBFEFDFEFFFEFFFEF18
:10736600FFEFFFE7DFE7DFEFDFEFDFF7FFF7FFF71F
:10737600FFF7FFF7DFF7FFF7FFF7FFF7FFF7DFF797
:10738600DFFFFFADB963D77C7A849B84BB9D5DA587
:10739600BEA59EBE1FC65FCEBFD6FFD73FD6FFD6C1
:1073A600FFDF3FDF3FDF7FE7BFE7BFEFDFEFBFEF87
:1073B600BFEFBFEFBFEFBFE79FDF5FD75FE7BF95C9
:1073C600582A2D18E521AA3A4E322C218918E510A3
:1073D600A418E6298921692969296929CB2A0D2A50
:1073E6000D2A0C2A0D2A0C29EC29EC29AB29AC21F3
:1073F6008A218A2A0E2A702A4F2A6F224F222F228A
:107406002E2A4F2A91227022502250225022502298
:107416002F2A4F224E224E224E222E222F1948105C
:10742600C45B2FF7FFF7DFF7DFDF5F9E3E961EA6F2
:107436005E9E1E9E1D9E3DA67EA69EBEFFBEFECFE6
:107446003FCF1EDFBFEFFFEFBFEFDFEFDFEFFFEF57
:10745600FFE7DFE7DFEFDFEFDFF7FFF7FFF7DFF746
:10746600FFF7FFF7FFFFFFF7FFF7FFF7FFFFFFF756
:10747600FFFFFFAD995BB674597C5A7C7A8CDB951D
:107486003DA59EB5FEC67FCEDFD71FD6FFCE7FD6E3
:10749600DFDF3FDF5FE77FE77FEFDFEFDFEFBFEFA6
:1074A600BFEFDFEFBFEFDFEFDFE79FD73FD73FC687
:1074B600DE42CF18E529EB326E2A2C216818A41873
:1074C600C42148298B216A2127214829AB29ED2A85
:1074D6000D2A0D2A0C31ED29CB29CC29CC218A2164
:1074E6006921AA222E2A702A502A2F220E222E2AFB
:1074F6004F224F22712A7122712270225022702A45
:10750600702A4F222E220E224E224F224F21AB10DE
:10751600C439EAEF7FFFDFF7DFE79FA65EAE5E9E28
:107526003EA65E9E1EA67EA67EAE9EAE9EBEFFCFEB
:107536003FD77FDF9FE7BFEFFFEFFFEFDFEFFFEF05
:10754600DFE7DFEFDFF7FFEFDFF7FFF7FFF7FFF725
:10755600FFF7FFFFFFFFFFFFFFF7FFF7FFF7FFF75D
:10756600FFFFFFAD995BB7743974597C9A84BB955C
:107576001D9D7EA59EBE3FD71FD71FCE9FCE9FDEE9
:10758600FFDF3FDF7FE77FE79FE7BFE79FE7BFEFCD
:10759600DFEFDFEFBFEFBFE7BFE79FDF7FD73FDF5D
:1075A6009F745310C4320C322D29A9212618C419F0
:1075B60006298A29CC298A2106212729AA322D3291
:1075C6002E2A2E2A0C2A0D29CB29CB29AB2149217B
:1075D6006921CC224F2A702A70220E21CD220E223A
:1075E6004F2A712A7122912A912A702A70227022BA
:1075F60070222F222E224E222E224F2A7021EE108A
:10760600E52987DF1EFFDFF7DFEFDFB6DEAE7EA6FA
:107616007EA65FA65EAE9F961DAE7EAE7EAEBEC752
:107626001FD77FDFBFE7BFE7BFEFFFF7FFEFFFE73C
:10763600DFEFDFEFFFEFDFEFDFF7FFF7FFFFFFFF24
:10764600FFFFFFFFFFFFFFFFFFF7FFF7FFF7DFF784
:10765600FFFFFFA5995BB76C18747A7C9B84DC9559
:107666003D9D5D9D5DB61FCEFFCEDFCE9FCEDFDF9B
:107676003FDF5FDF5FDF5FE7BFE79FE79FE7BFE7CC
:107686009FE79FEF9FE7BFE7BFE7BFE7BFE7BFDF24
:107696007F9D981906320C320B214710A418E5215C
:1076A6004929CC29EC212818E5214821AA2A0D2AA6
:1076B6000E2A2E2A0C2A2D29EC29AA2149214821F5
:1076C6008A2A2E224F2A912A4F21EC21CC21ED2203
:1076D600502A91227122712A712250224F22702A39
:1076E60070224F222E220D222E2A4F224F2A501967
:1076F6002710C4C67BFFFFF7DFF7FFCF1FB6BEAE6E
:107706009EA65EAEBFA65EA67EA63DAE7EB6BEC7F2
:107716001FCF3ED79FDFBFE7BFEFDFF7FFF7FFF7CC
:10772600FFF7FFEFDFEFDFEFFFF7FFF7FFFFFFFFEB
:10773600FFFFFFFFFFFFDFF7FFF7FFF7DFF7FFF7BB
:10774600DFFFFFA579535563F7745A7C9B8CFD9D2B
:107756005E9D3D9D5DBE5FC69FC67FCEBED73FD7B1
:107766003FDF3FD73FDF5FE79FE79FEFDFE7BFE7FB
:107776009FE79FE77FE77FE79FE7BFE7BFDF7FD70B
:107786007FC6DD3A0A29EB21CA190610A42106296B
:10779600AB31ED29AB190618C5214829AB29ED2ACD
:1077A6000D2A2E2A0C220D29CB2189214821482970
:1077B600AB2A4F2A502290220E29CC21CB2A2E22E8
:1077C6005022912291225122712A71227022702A0E
:1077D60070224F21EC21CC220D222E224E22502146
:1077E600AB0062A576FFFFF7DFF7FFCF3FB6BEB669
:1077F6009EAE9EAE9E9E3EAE7EA67EAE9EB6DFC779
:107806001FCF5FD75FDF9FDF9FEFDFF7DFF7DFF782
:10781600FFF7FFEFFFEFDFEFFFF7FFF7FFFFFFFFDA
:10782600FFFFFFFFFFFFFFF7DFF7FFFFFFF7FFF7A2
:10783600DFFFFFA5784B3463D76C19747A8D1D95DD
:107846003D953DA59EB61FBE1FC67FCEDFD71FD670
:10785600FFD71FDF5FE79FE77FE7BFEFBFE7BFEF1A
:10786600BFE7BFE79FE77FE79FE79FE7BFDF7FD7DA
:107876005FE7BF6BD129AA218910E510C4292832F8
:107886000E2A0D216910C418E5296829CB2A0E3263
:107896000E2A0D29CC2A0C29CB2148192821692A20
:1078A6000D2A702A502A4F2A0E29AC21AC222E2AE4
:1078B6007022712271229222922A91225022502203
:1078C60070224F2A0D21ED21EC222E2A90226F22C2
:1078D6000E08C58C93FFFFF7DFFFDFDF9FB6BEAE56
:1078E6007EAE9EA65EB6BEB6BEA65EAE9FB6DFBF37
:1078F6001FCF5FC71ED77FDFBFE7BFEFDFEFFFEF0B
:10790600DFF7DFF7FFF7DFF7FFF7FFF7FFF7FFFF19
:10791600DFF7DFFFFFFFFFF7DFF7FFF7FFF7FFF701
:10792600FFF7FFA557431363F76C19745984DC9569
:107936001D9D7EADDFADDFB5DFCE9FD6FFCEDFCEA0
:10794600BFD6FFE77FE79FE77FE7BFE7BFE7BFE772
:10795600BFE79FE79FE7BFE7BFE7BFE79FD75FD7D1
:107966007FE7BF8CB52189214718E51905298A3299
:107976002E2A2D214710A31906298A29CC2A0D3231
:107986000D2A0D29AA21AA298A2127216929CC2A6B
:107996000E32502A2F29EE21AB218A29CC220E2A1B
:1079A600702270225022712A922A712A5022702245
:1079B600502A2E224F220D21EC222E2A6F224F22F0
:1079C6002E11296BAFFFFFF7DFFFFFE7BFB69FAEB4
:1079D6009EAE9FA65EBEDEBEFEB6BFA67FA65EBEFE
:1079E600FFCF5FCF3ED77FDF9FE7BFE7BFEFDFF772
:1079F600FFEFDFEFDFF7FFFFFFFFFFFFFFFFFFF701
:107A0600FFF7DFF7FFF7FFF7FFEFDFEFDFEFFFEF40
:107A1600FFF7FFA55842F263D76C18745984BB8CE4
:107A2600FDA5BFADFEA59EB5FECEBFCEDFCEBFCEB9
:107A3600DFD6FFDF7FDF5FE79FEFDFE7BFE79FE789
:107A4600BFE79FEFBFEFDFEFDFEFBFE77FDF5FDF70
:107A56007FDF7F9D782168192618E4210631EC2AFC
:107A66004E29AB210610A3212731AB29ED29EE299A
:107A7600ED29ED2989296929892148218A2A0D2A92
:107A86002F324F2A4F29ED29AB218A220E222F2A87
:107A9600712A702A502A5022712270225022702A8E
:107AA60070220D222E222E220E222E2270229022AB
:107AB6005019CD4A8BEFBFF7DFFFDFEFBFBEDFB652
:107AC6009FAE9EAEBEBEDEB6BEBEDFBEDFAE7FAE34
:107AD6009FBEFFC73FD79FDF9FDF9FE7DFEFDFF741
:107AE600FFF7FFF7DFF7FFFFFFFFFFFFFFF7FFF7E8
:107AF600FFF7DFEFFFF7DFEFBFEFFFF7FFD73EAD93
:107B0600F9BE19A55842F25BB663F774597C9B8C93
:107B1600DC9D7EA5BEA57EB63FC69FCEDFCEBFCE80
:107B2600DFD71FDF7FDF7FE7BFEFBFEFDFEFBFE707
:107B3600BFEFBFEFDFEFDFEFDFE79FE79FDF7FD727
:107B46005FD73FBE5C31EA192619052128320E326D
:107B56006F29AA18C410C42969320D320D29ED31D6
:107B6600EC29CB216829682989298A29CC2A4F2A18
:107B7600502A2E2A0E29EC29AB21AB220E224F2A9F
:107B86005022502A502A50227022702A71224F2ADF
:107B96002E220D220D2A4F222F222F224F229022F3
:107BA60070222F29CAD6DCF7FFF7DFF7FFDF7FB693
:107BB600BF963EB6BEB6DFBEFFC71FBEDEB6BFA6C9
:107BC6009EAEBEC73FD79FDFBFDFBFE7DFEFDFF762
:107BD600FFF7FFF7FFFFFFF7FFF7FFF7FFF7FFF7E7
:107BE600FFF7DFF7FFEFDFE7BFB6196B8F31E90865
:107BF60083632D9D574312539563F774397C9B8499
:107C0600DC953D9D5EA59EB61FBE5FCEBFCEBFD6A0
:107C1600FFDF3FDF5FE7BFE7BFE79FEFDFEFDFE7AE
:107C2600BFEF9FEFBFEFBFE7BFDF7FD75FDF7FD736
:107C36005FD75FDF5F4ACD192619052989324F3292
:107C46000D214810A31905298A322E324E29EC2916
:107C5600AA298921472968298A29AB2A0D2A2F2A88
:107C6600702A4F29ED29AB29AA29CB222E2A702A60
:107C7600502A702A702A502A912A7122702A2F2A95
:107C86000E2A0D21ED222E224F222F222E22702285
:107C96006F227021CDBE39FFFFFFDFFFDFE79FB602
:107CA600BE95FDA63EB69FBEFFBF1EBEFEB6DFAEAC
:107CB600BEB6FFBEFFC75FCF7FDF9FE7DFEFDFF711
:107CC600FFF7FFF7FFF7FFF7FFEFDFEFDFF7FFEF56
:107CD600FFEFDFD71E9D57530D214710C508A40897
:107CE600636B6E9D3742F2539463F76C387C7A84EB
:107CF600FC953D953DA5BEADBEBE5FCEBFCEBFD603
:107D0600FFDF3FE77FE77FE77FE79FE7BFDF7FE7AD
:107D1600BFE79FEFBFE79FE79FDF7FDF5FDF7FD78D
:107D26003FDF7FEFFF847318E5212629CB328F29A9
:107D3600AB18E51083212829AB2A0C2A2D29EC291A
:107D46008A21482106216829CB29CC2A2E2A4F2AA6
:107D5600502A0E21CB218A29AB29EC2270224F22F0
:107D6600502250222F2A5022712A502A502A2F217F
:107D7600ED21EC21EC220E224F222E222E224F2222
:107D860070225019EE9D57FFFFF7BFFFBFEF9FB65A
:107D96007EAE7E9E3E95DDAE7EB6BEB6DFAE7EB6CE
:107DA600BFBF1FB6DFB6DFC73FCF7FDFBFE7DFE767
:107DB600DFE7DFEFDFEFDFEFBFEFDFF7FFEFBFC696
:107DC600BC7412320A1967194729C9218819071084
:107DD600C66B909D373AD153735BD663D77C7B8451
:107DE600FD8CFD9D5EA5BEA59EBE3FC67FCEBFD6C1
:107DF600FFD73EDF5FDF5FDF3FE77FDF7FDF7FDFCE
:107E06007FE7BFE79FE79FDF7FD73FDF5FD75FDF74
:107E16007FDF9FE7BFB5F92106212631EC326E21BF
:107E26008808A310A4298929EC2A0C29CC29EC213D
:107E3600892147212621892A0C29ED2A2F2A4E2A13
:107E46004F2A0D2189218A29CC220E2A70227022DE
:107E560070227021EF222F22502A4F222F222F210B
:107E6600ED21ED21ED21ED220E220F222E222F22D1
:107E760070227011EE7414FFFFF79FFFBFEFBFB6BD
:107E86009EAEBEA65E95FE9E1DA63EAE7EAE7EB69E
:107E96009FBEFEBEFFB69FB6BFCF5FDFBFE7DFD791
:107EA6009FD79FE79FEFDFEFFFDF5EA5975B6F2111
:107EB600891107218929EA29CA29EA29EA192819EB
:107EC6002873D19D573AD14B535BB663D8743A7C2D
:107ED600BC84DC9D7EA59EA59EADDEBE3ECE9FD615
:107EE600FED73FDF3FDF3FE77FE77FE77FDF7FE7C5
:107EF600BFE7BFE79FE7BFE79FE77FDF7FD75FDF8C
:107F06009FDF7FD75FDF7F426B18E6320D324D2150
:107F1600460882192629CA29EC29EC29EC29CB2105
:107F2600692127214729AA2A2D2A0D2A2E222D2A00
:107F36000D29CC216921AA21ED224F22702270221F
:107F4600702250225022302270224F222E220D21E2
:107F5600ED21ED1A2E21ED222E222F220E222F2286
:107F66004F22701A4F42B0E77EFFDFFFDFF7DFCF09
:107F76003FBEFFAE7E9E3E9E3E9E3E9E1EAE7FB6A0
:107F8600DFB6DEC6FFC71FB6BEBEFFD77FEFDFE791
:107F9600DFE7DFEFFFCEDC74323A6B21C9198919AE
:107FA60049218929CA2A0B2A0B2A0B29EB194911BF
:107FB600287C139D573AB0537463B663D86C197412
:107FC6007A84BB8D3DA59E9D5DADDEB61FC69FD74F
:107FD6001FD6FFDF3FDF5FE79FE79FDF7FE79FEF6C
:107FE600DFE7BFE7BFE7BFE79FE79FDF7FDF7FD71B
:107FF6005FCEFFD73FEFFF7C7318E6324E322D1867
:10800600E41083216929EC29ED29EC29AB216921AA
:10801600472127296929CB29ED21ED2A2D2A4F2928
:10802600ED218A216821AB220E2A7022702270224D
:10803600502250225022502270224F220E21EC2133
:10804600CB21CC21CD220D1A0D222E220E220E225C
:108056000E222F225019CDB5F9FFFFF7DFFFDFCF34
:108066001FB6BEB6BEAEBEA65E9E3E963EA67EAE11
:10807600BFB6BEBEDEBF1EBEFFC71FD77FEFDFF790
:10808600FFD6FC845131C8192829EA326C2A6C21A2
:10809600CB21CB21EB2A4C2A0B2A2C2A2C21691125
:1080A6002973F39D3732B04B32537463F76C196CF6
:1080B600397C9B8CFC9D5D953DA57EB61FCEDFCEA3
:1080C600DED6FFD71FDF5FDF7FE79FE79FE7BFE7CC
:1080D6009FE79FE7BFE7BFE7BFDF7FDF7FD73FCEE3
:1080E600FFCEFFD75FDF9FB65A2147326F29EC10CC
:1080F6008318C429AB29ED29EC29EB29AA21681993
:1081060006214829AB220C29EC29CC2A0D2A2F2935
:10811600CC2169218921AC222F2250227022712282
:10812600712250225022502250224F220E220D211F
:10813600ED19ED21ED220D21ED21EE220E1A0E2272
:108146000E222F224F19EE63B2FFDFF7DFFFBFDFEC
:108156007FBEDEB69EAE9EAE9FA67FA69EB6BEA68E
:108166005EA65EB6BEC71EBF1FBF1FDF7FDF5E8C6B
:108176007221460883192821CB324D328D328C224A
:108186000C21AB21EC2A6D2A0C2A6D2A4C218A1966
:108196004A74139D573AB043114B335BB66C39742E
:1081A6007B7C7B84DC955E957E951DADDECEBFD651
:1081B600FFD6FFD71FDF5FE79FDF7FEFDFE7BFE772
:1081C6007FE79FE7BFE7BFE7BFDF9FD73FCEFFC68B
:1081D600DFD73FD75FD73FC6DD31C9326E214808AA
:1081E60062192629CC29CC29EC29CB296919062123
:1081F60027216929CB29ED29CC2A0D2A0D2A4F29B9
:10820600AB2149218A29ED2A70227122702270221F
:108216007122502A50222F2250222E220E1A0E1977
:10822600EC21ED1A0D222E21EE220E222F21ED2217
:108236002F1A2E222F1A2F222ECE9BFFFFF7DFE7B3
:108246009FB6BEC6FFB6BEAE9EAEBEB6DEBF1FAE04
:10825600BEAE9EA67EAE9EC73FC71FDF9FAE5B101B
:10826600C50883110721AA2A0C2A4C3AAD3ACE2A10
:108276002C218B21CC324D324D324D324D21AB115A
:10828600297C139D57328F43114B335B9663D7740A
:108296005A7CBB84DC955D955D953DADBEBE3ED7F3
:1082A6001FDF3FD73FDF5FDF7FE7BFE7BFDF5FE768
:1082B6009FE79FE79FEFBFE7BFDF7FCF1FCEFFCFD1
:1082C6001FD73FCF1FD73FDF9F530E29EC1905104D
:1082D60082216829CC29CC29AA29AA214819062154
:1082E6004829AA29EC29ED29CC29CB21CB2A0D2115
:1082F600AA216821CB2A2F225022712270225022D5
:10830600702250222F222F222F222E21ED21ED190D
:10831600ED21CD21ED220D220E222F222F21ED223D
:108326000E1A2E224F227019CD8494FFFFF7DFEF2D
:10833600BFB69EBEFEB6DEB69EBEDEBEFEBEFEB6B6
:10834600DFB6DEB6FFB6DFAEBEB6BFCF5FCF1E214D
:10835600C908A3194821AB21EC2A4C3A8C32CD2A04
:108366004C21AB21AB2A2C324D322D324D21CB1173
:108376000973F29D57328F431253535B965B966394
:10838600D7743984DC955E8D3D9D7EA59EB61FCE45
:10839600DFDF5FDF7FDF7FE79FE79FDF5FE79FE747
:1083A6009FE79FE7BFE79FDF5FD73FCF1FCEFFD790
:1083B6001FCF1FD75FD75FDF9F6BF229CC10A310AB
:1083C600C429AA29CC29AB21892989212719272142
:1083D6006929CB29ED29ED29EC21AB21CB21CC2133
:1083E60089298A29ED220E2A702A702250227022AB
:1083F600702270224F222F222F220E21ED21ED21F5
:10840600ED220E21EE220E19EE220E222F21ED2252
:108416000E224F224F222F1A2F3A8FEF7EF7DFF7C9
:10842600DFCF3EAE9E9E3DA67EB6BEC71FBF1FAE29
:10843600BEB6DFC6DFD75FBEFFA65EA69ECF3F32C3
:108446002908C4218921EC2A0C324D328D3AAD32ED
:10845600AD21EC21AB29EC322C324D324D29EB11FA
:108466002973F29D5732B043114B535BB65BB7632A
:10847600D76BF87C7A8D1D8D1D9D7E9D7EB61ECE9A
:10848600FFDF5FDF7FE79FEFDFDF5FDF7FE7BFE7CE
:10849600BFE7BFE7BFE79FD73FD73FCEFFCF1FCF8F
:1084A6001FD75FDF7FDF5FE7BF745321690883193A
:1084B6004629CB29CB298A29892968214721482998
:1084C6008A29EC29EC29EC29CC21AB21CB21AB293B
:1084D6008A29CB29CC224F22702250222F224F22CA
:1084E600502250224F222E220E220E220E21ED2144
:1084F600ED21ED19ED220E220E220E21ED21EE22A6
:108506000F1A2F1A2F224F227019EDADB8FFFFF761
:10851600DFDF9FB6BE9E3DAEBEB6DFBEDFBEDFBEB0
:10852600FEBF1EC71FC73FBEFFBEFEB6DFCF5F4AF8
:10853600CC08E6218A220C220C2A4D326D328D326D
:10854600AD220C218B29EC2A2C324D326D2A2C11AE
:108556004A73F39D3732B142F04B3353955BD75B89
:10856600D763F87C7B84BB8CFC8D1D953DB5FFC61F
:10857600DFDF7FDF5FE79FE77FDF7FE7BFE7BFE7FD
:10858600BFE7BFE7BFDF5FD75FCF1FCEDFC6DFCE58
:10859600DFDF7FDF9FDF7FDF9F8CF71926108329C0
:1085A6006929CC29CB218A294921472147296A29CA
:1085B600AA29EC29EC29CB29EB29AB29CB21AA291D
:1085C6008A21CC222E22702A5022702270227022FA
:1085D600702250224F222F220E220E21ED21CC2175
:1085E600CD21CD21ED220E21EE21EE21EE220E220D
:1085F6002E222F1A2F2250224F19EE5B72FFDFF721
:10860600DFEFBFBEDEA67EB6BFBEFFAE7EA67EAEE7
:108616009EC71FCF5FC71EB6BEB6DFB6BFC73F53E6
:108626002D110821CC21EC220C2A4D2A4D326C3218
:108636008D2A2C21AB21CB2A2D324D2A2C29EB1940
:108646006A73F39D3632B142F04B3253755BB75BBA
:10865600B663B77C5A7C9B8CFC8CFC8CDCA5BFCEAD
:10866600DFDF5FDF7FDF5FD73FDF5FDF7FE79FE72C
:108676009FE7BFE77FDF5FD73FCEDFC6BFC69FCE90
:10868600FFD75FDF7FDF7FDF9FA5D910E410C32907
:10869600AA29CC29AB2969216821472168298A2979
:1086A600CC29CB29AB29AB29AA298A29AB21CB29ED
:1086B600AA21CC2A4F224F22702A70225022502201
:1086C6004F224F222F222F21ED21CD21ED21EC210A
:1086D600CC21CD220D222E220E220F222F220E1960
:1086E600CD220E220E1A2F1A2E220F21EDCE9BF727
:1086F600DFEFBFC73EAE7EBEDFBEDEAE9EA67E9E6F
:108706003EB69EBEFFC6FFC71FBEFEB6BFC71F4210
:10871600AC194A21CC220C220D2A0C326D2A6D325C
:108726008D2A4C218B218B2A0C326E324D29EC1965
:108736008B73D29516329042F14B3253755B96533A
:108746007463B774197C9B8D1D8CDC8D1DA59EC62C
:10875600BFD73FDF7FD73FD73FDF7FDF7FDF5FDFDB
:108766007FE77FE77FDF5FCF1FC6BFBE7FC6BFCF76
:108776001FCF3FDF5FDF7FE79FB63A10C419062998
:10878600CB29CC298A296921482147298929AB295E
:10879600CC29CB29AB298A29AA29AB298B29CB2914
:1087A600AB29CC2A2E222F224F224F224F22702273
:1087B6004F222F220E21ED21CC21CC21CD21EC21DF
:1087C600CC21ED220D220D21CD220E1A0E220E19DC
:1087D600CD19CD21ED220E22501A2F19AD7C54FF52
:1087E600FFF7BFCF3FB6DEBEDEBEDEBEDFA67DB67E
:1087F600BDC6FEAE9EA65EBEDFC71FBF1FBEBE3293
:108806000B216A21EC220C220C21EC2A2C2A6D3237
:108816008E32AE21EB218B29EC326D324D2A0C19AA
:10882600AB73D29D372A8F42F14B32539553755312
:10883600545BB66C187C9B84FC84DC955DADFFBEF6
:108846007FD71FD71FDF3FDF3FDF5FDF5FDF5FE7DA
:108856009FDF7FDF5FD73FCEDFC69FBE7FC6DFCEFF
:10886600FFCF1FD73FDF5FE79FBE5B19052168314A
:10887600CC29CC298A29892148214829AB29EC29E8
:10888600EC29AB29CB218A298A29AB298A29CC292B
:10889600CB29CC220E2A502A50225022702A702A26
:1088A600702270220F21ED21CC21CC21ED21CD1992
:1088B600AC21CD21ED21ED21CD21EE220E21ED21A0
:1088C600ED21EE19CD19ED22501A5019CE42AFEF17
:1088D6007EF7BFDF5FCF5FC71FBEDFBEBEBEDFB6A0
:1088E600BFC71FC6FFBEBEAE5FA67EBF1FAE9D2A18
:1088F6000C21AB220D21EC220C21CC2A2D2A2D3A5B
:108906008D328D2A2C218B29CC2A2C326D326D1971
:10891600AB73D29D16328F42F143124B7453744B94
:1089260034537463D77C9B7CBB84DC9D7EADFFBED9
:108936005FCEDFCEDFCEDFD71FDF3FDF3FDF7FDF5C
:108946007FDF7FDF5FCF1FC6BFBE7FC69FC6DFCE7E
:10895600DFCEFFCF1FCF1FDF5FC69C2146298929A7
:10896600AA29CB29AA21682148296929CB29CB29FB
:10897600EB29AA29AA29AA29CA29AB29AB29CC21DC
:10898600AB29ED2A0E222E2A4F224F227022902248
:10899600302250222F220D21CC21CC21ED21ED2198
:1089A600CC19CD21EE220E21CD21ED19CD21CD21DF
:1089B600CD220E19ED1A0E1A2F2270222F19ACB5E0
:1089C600B8FFFFDF7FC71FC71FBEFFBEDEBEDFBE0D
:1089D600FFC6FFBEDEC6FFC71FB6DECF3F9DFB212B
:1089E600CB29AC21ED220D220D21EC2A0D2A2D2AB0
:1089F6008D2A6D2A2D218C21AB2A2C2A2C324D2131
:108A0600AB73F294B32A6E431143124B5453544B37
:108A160054535463D7747A7C9B84BB9D5EA5BFB6C2
:108A26001FC69FD71FD71FD71FD71FDF5FE7BFE719
:108A36009FE77FD73FCF1FC6BFBE7FC69FC6BFCEAD
:108A4600DFC6DFCEFFCF1FD75FD6FE31C92168292B
:108A5600AA29AB29AA2189216829A929CB29AB21D1
:108A6600AB29AA298A29CA29AA29CB29CC29CB210B
:108A7600CB29CC2A0D222E220E224F2270224F22E3
:108A86002F222F21ED21CD21AC19CC21ED21CD2195
:108A9600CC21ED19ED220E21ED21CD21CD21CD19CF
:108AA600AC19ED19EE220E220F222F222F11EE63A2
:108AB600B2FFDFEFBFC6FFB6BFB69EB6BEBEDFC70C
:108AC6001FBEDEB6BFBEFFC6FFC71FC73F955819FC
:108AD6008A21CC21EC220D2A2D21EC2A0C222D32C2
:108AE600AF2A8D2A6D21CC218A2A0C29EC322D2120
:108AF600EB73F3949321CA431143114B334B334B1E
:108B060053537463D7745A747A84DC9D7EA5DFB59B
:108B1600FFC67FCEBFD6FFE79FDF7FE79FDF7FE7FA
:108B26009FE79FD71FCEDFC67FC67FBE7FC6BFC665
:108B3600BFBE9FC6BFD75FDF9FDF9F6BF221482175
:108B46008A29AA29AA29A929AA29AB29CB29AB2985
:108B5600CB298A29AA29AA218A29AA29AB29CB297C
:108B6600EC29ED21EC222E220F222F224F222F223A
:108B76002F222E21AC21AC21CC21CC21CC21ED21E0
:108B8600CC19ED21CD21ED21ED19CD19EE21CC2108
:108B9600CC21CD19EE1A0E21CE19EE1A0F1A2F2A54
:108BA6000DD6FCF7DFCF1FB69EB69E9E3EAE7EB6B6
:108BB6009EBEBEC6FEBEFFAE9EBF1FBF1F8D17194F
:108BC6008B21ED220D21EC220C2A0C21EC21CC2A42
:108BD6000C328D2AAE29ED21AB29EC29EC2A0C1991
:108BE600AA73F28C9321883AAF43114AF143114B91
:108BF60032537463B67459747A84DC9D5EA5DEAD17
:108C0600FFBE3FBE3FD6FFE79FE7BFE7BFE77FDF79
:108C16005FDF5FD71FCEDFC6BFBE7FC69FC6BFC69C
:108C26009FBE7FC6DFDF5FDF7FE7BF95572127291E
:108C36008A29AA29AA21A929AA29CB29CB21AA2985
:108C4600AA298A29AA29AA218A298A21AB29CC2AD2
:108C56000D21EC29ED2A2F222F222E222F222E2221
:108C66000E2A0E21EC218B21AC21AC21AC19EC2172
:108C7600ED220E21CD21EE21ED21ED220E19AC19AA
:108C8600AC19AC19CD19ED21AC21CD19EE224F113D
:108C96008C94F6FFFFD71FB69EB69EB6BF9E3E8D3E
:108CA600DD9DFDAE9EB69EB6BEBEFFC71F6C1319F8
:108CB6008B21EC220D21EC21CC2A0C2A0D21EC2152
:108CC600EC2A6D328E324E21AB29CB21CB2A2C21B8
:108CD600CB7C128C9321683A6D43124311431143A6
:108CE600324B535BB66C187C9B84DC955EA5BEAD9F
:108CF600FFBE3FBE5FD73FDF7FE79FE7BFE7BFDF30
:108D06005FDF3FD6FFCEDFC6DFBE9FC6BFC6BFBE94
:108D16007FB65FC6DFCF1FDF5FE79FB67C2989215D
:108D2600682989298929AA29AB29AB29CB29AA2906
:108D3600AA29AA29AA298A29AA29AA29CB29EC215A
:108D4600ED21ED29ED2A2F220E222E222E222E2172
:108D5600ED29CD21CC21AC21CC21EC21CC21EC225A
:108D66000D19ED21EE19ED21CD21ED19ED19AC19F5
:108D7600AC19CC21AC21CE21CD220E1A0E222F19F0
:108D8600EF4AEFF79FEF9FB6BEA63DA65D9E1D9EDE
:108D96003E9E3DA67E9E1DB6BFC71FB65B29CB2154
:108DA600CC21CC21EC220C21EC21EC29EC21CC218C
:108DB600ED2A4D328E2A4E21EC21AB29EC29EB21EE
:108DC600EB7C538C932169324D42F04B3142F14B8F
:108DD600124B325B9563F77C9A84DC953DA5DFB533
:108DE600FFADDFC69FD73FDF7FDF9FDF5FDF5FDF40
:108DF6007FDF5FCEDFCEDFBE7FC69FC6DFC69FB6F4
:108E06005FB65FC6BFCEDFD75FDF7FDF7F4ACD218C
:108E160027298A298A29AB29AB29CB29CB29CB211A
:108E2600AA29AB29AB298A29AA29AA29AB29CC299F
:108E3600ED2A2E29ED222E220E222E222F2A2F2136
:108E4600ED21AB218B21AC21AC21EC21EC21ED21D4
:108E5600ED21ED21ED21CD21AC21AB19CC21CC1991
:108E6600AB19AB19CD19CD21CD220F1A4F1A5022AD
:108E76007111CCB5D8FFFFCF1FBEBFAE5E95DD9E8C
:108E86001DAE7EB67EA67EBEFFCF5F8D1511692212
:108E96000D21EC21ED21CC21EC29ED21CC21CC2A90
:108EA6000D2A2D2A8E2A6E222D21AC21CC29EB19D2
:108EB600AB7C548C722168324C3AF0431143114317
:108EC600124B32537563B7747A84DC955EA5BEB5D2
:108ED600FFB5FFC67FCF1FDF9FDF9FDF7FDF5FDF2F
:108EE6007FD71FD6FFCEFFC69FC6DFC6DFBE7FB6C3
:108EF6003FB63FBE7FCEFFD75FDF7FE7DF849418A4
:108F0600E6298A29CB29CB29AB31CC29CC29AB2917
:108F1600AA29AB29CB29AB29AB21CB29CC29CD2931
:108F2600EC2A0E21ED220E224F2A4F222F222F212C
:108F3600CD218A196A218B21AC21CD21ED19CD21B4
:108F4600CC21CD21CD21CD21AB21AC19AC19CD1928
:108F56008B198B19CD19EE21EE1A0F1A4F1A2F22E3
:108F66007119CE5B50F7BFE79FD75FBEDFAE7E9E1F
:108F76003DA65EA65DB6BEBEFED79F8D16118922A2
:108F86000D21EC21EC21AC21EC29ED21EC21CC22A8
:108F96000D2A6E2AAF2A6E220D29AC29EC29EB196F
:108FA6008A7C548C722168320C3AD042F1431143C8
:108FB600114B33537463D7747A7C9B955DA5BFAD13
:108FC600DFB5FFC69FD73FD75FD73FDF5FDF7FDFC6
:108FD6007FCEDFD6FFCEBFCEFFCEFFCEDFC69FB69B
:108FE6003FB63FB65FCF1FD77FD77FDF9FBE7C3AA6
:108FF6006D2168298929CB29CB29CB29EC29AB29D5
:10900600AB29CB29AB29AB29CB29EC29EC21CC21E7
:10901600CC21EE2A2F21ED222F222E220E21ED2108
:10902600CC218B216921AB21CD21CD21CD21CD199B
:10903600CD19CC19CC198B218B19AC19AC19CD19BA
:10904600CC19AC19EE19EE21EE220E1A0F222F22A0
:109056004F1A2F21CCCE9BF7DFD73FC71EC71FC69F
:10906600FFB69EA65EBEDFC6FEE7DF74311149225B
:109076000D21EC21EC21CC21CC21CC21AB21CC2A19
:109086004E2A6E2A8E2A4D2A0D21AC21AC21CB19EF
:109096006A7C138C932189322C42D042F1431143CE
:1090A600114B3353745BB574597C9B8D1D9D7EADFE
:1090B600DFB63FBE5FCEFFD73FDF5FDF5FDF5FD745
:1090C6001FD71FD6FFCEBFCEDFCEFFC6BFC69FBE01
:1090D6005FB63FB65FC6DFCF3FD77FDF9FDF7FAE8E
:1090E6007F84D83A6D218A29EC29EC29EC29CB29F1
:1090F600CB29CB29CB29CB29AB29CB29CB29CB29EA
:10910600EC2A0E2A0E29ED222F220E21ED21CD2941
:10911600CD218B216921CC21CD21ED21ED21CD2140
:10912600AC21CB19AB19AC19AC21AC21AC21CC21AB
:10913600CC19AC19CD19CE19CD19CD1A0E1A301A73
:109146000E1A2F19EE84B5FFFFDF3FBEDEBEBEC787
:109156001FB69EB6BEB6BFC73FDF5F3A0919692A7A
:109166002D220C21ED21AB196B29CC42AD324C22BC
:109176002D226E2A6E2A4E2A2D21CC218B29EB19FF
:109186006A73F38C93216829EB328E431142F04BBC
:10919600114B5253735BB56C397C9B84DC955DA592
:1091A600BFB61FBE7FC69FCEDFDF7FDF7FDF5FD606
:1091B600FFD71FCEDFCEDFC6BFCEDFC6DFBE7FB690
:1091C6005FADFFB63FBEBFC6FFD77FDF7FDF9FC65F
:1091D600BFB67FB6BE749529EC29AB29CC29EC29FC
:1091E600CB29CB29AB29AB29AB29CB29AB29CB2959
:1091F600EC2A4E2A2E29ED222E222F21ED21AB21FB
:109206008A216A1949218B220E21ED21CC19CC2104
:10921600CD21AC21CD220E21CD21AC21AB21CC1903
:10922600AB198B21CD19AD19CD19EE1A0E222F22AD
:109236002F22501A0F326EE73DEF9FCF1FBEBEAEF4
:109246007EA65EBEBEB67ECF5F7C52002119692225
:109256002D21ED198B7C33741284736B916BD222A2
:109266000D2A6E2A8E2AAF328E2A0D21CB21CB19DA
:109276008B73D28C932188320B324C431242F04AC4
:10928600F04B314B535BB56C187C9B84DC953DA54C
:109296009EADDFBE7FBE5FCEDFDF5FDF7FDF5FD7E6
:1092A6001FD71FCEDFCEBFC6BFCF1FCEDFBE9FAE3E
:1092B6003FADFFB63FBE7FCF1FD77FD75FDF9FD7BC
:1092C6001FA5FEBE9FCF3FA5FB42AE218A29CB2913
:1092D600CB29CB29CB29CB29CB29AB21AB2A0E2AEB
:1092E6002E2A4F29ED21AB21EE2A2E21EC218A21AF
:1092F6006A196A21AB21AD21EE21ED21AB218B1933
:10930600EE19ED220E1A0E21CD21AC21CD19CD1963
:10931600AC21AC19AC19CD19CD19EE19CD19CD1A50
:109326003022501A3011CD9D57F7FFDF7FC71FB689
:109336009EAE7EAE9EB69FCF3F3A2A0020114722B0
:109346002D19CB5B91A5577C324ACE198B29EC2A75
:109356008F2A6E2AAF224E224E222D21CB29CC19DE
:109366006A7BF38C721968320B320A42F143114B55
:10937600114B314B52539463F784BC84FC953DA545
:109386009EADFFBE5FBE5FC6BFCEFFDF7FDF7FDF66
:109396005FCF3FCF1FCEDFCEFFCEFFC6DFBE9FAE75
:1093A6003FADFFADFFB65FCEFFCF3FD73FDF7FDFDD
:1093B600BFA61EAE1FBE9FC6FFBEFE5BF3216A2977
:1093C600AB29CB29EC29EC29CB29AB29CB21ED2ADA
:1093D6002E224F222E21AB21CC29ED21AC218B212F
:1093E6008A218B21AC198B21AC21ED19ED19ED19D0
:1093F600EE21EE220E1A0E19ED19CD21CD19CD1939
:10940600CC21AC19CD21CC21AC19AD19CD19ED2249
:1094160010220F1A0F1A0F42F0EF7FDF7FC71EB61A
:10942600BFB6BFAE5ECF3FDF7F31E80021112722F6
:109436000D8494CE7A532F21AB6390A57773F27C7B
:10944600338D159D778CD58CF6539173F28C7429D8
:10945600CB73F28C72214731EA29A83A6D43114B3E
:10946600104B315352537463F77C9B8CFD953D9D95
:109476007EADFFB63FC67FC69FC6DFDF7FDF7FDFDD
:109486009FDF7FD73FCF1FD75FCF1FC6DFBE9FB6F9
:109496005FADDFA5DFB65FC6FFD75FD75FDF7FEFC4
:1094A600DFBEDEA5FFBE9FBE9FC6FFCF5F64142151
:1094B600AB29CB29CB29CB29CB29CC29CB29CC2A23
:1094C6000E2A2E2A0D218A21EC21AC21CD21CC2178
:1094D6006A218B21AC21CD21CD220E19ED19CD218A
:1094E600EE19CD21EE21EE19CD21AC19AC198C2146
:1094F600AB198B21CD19AC19AC19CD19CD19ED1AB3
:109506002F1A502250220F220DCE7BF7DFBEBEAEA1
:109516007FB69ECF1EF7FFC65A10C3084108C64243
:10952600F08CB46BB15B5153307C737C527C539599
:109536001684B48CD59D776C138CB59D157C131948
:109546008B73D28C92212731EA192629A94B114314
:10955600104B315332535463D67C9A84FD8CFD9D57
:109566005EADFFAE1FC69FBE7FD73FD75EDF7FD7FC
:109576005FDF5FD73FD75FD75FD73FC6FFC6DFB690
:109586005FA5BFA5BFB63FC6FFD77FDF7FDF9FEFD3
:10959600FFEFDFB69FBE7FBE9FBEBFCF1FD77F74D4
:1095A600D621CB29CB29CC29EC21CC29AB29CB2A16
:1095B6000E29CC29CB218B21CC218A21CD21CC216E
:1095C600AB21AC21AC21EE21ED21ED220E21AC190F
:1095D600CD19CD21CD19CD19CC19AC21CD21CD2157
:1095E600AC21CC19AC19AC19AC19AD19ED1A0E2277
:1095F6002F225022701A2F118C7413FFFFD75FA6EB
:109606007EBEDEEFFFE79F52CC0041084110C62127
:10961600ED21EC19AB29ED6371322D198B2A2D2A18
:109626008F2A912290226E224E324F324E19AB195A
:109636006B73F30000000000000000000000000053
:10964600002020202020200020000000285050006C
:109656000000000000000000002828FC2850FC50F4
:10966600500000002078A8A0603028A8F020000054
:109676000048A8B05028345448000000002050503C
:1096860078A8A8906C000000404080000000000010
:10969600000000000408101010101010080400004C
:1096A600402010101010101020400000000020A8CC
:1096B6007070A8200000000000202020F820202044
:1096C6000000000000000000000000004040800094
:1096D60000000000F800000000000000000000008C
:1096E600000000004000000008101010202040403C
:1096F6004080000000708888888888887000000094
:109706000020602020202020700000000070888843
:1097160010204080F8000000007088083008088893
:1097260070000000001030505090781018000000B3
:1097360000F88080F00808887000000000709080B3
:10974600F08888887000000000F890102020202003
:1097560020000000007088887088888870000000EB
:109766000070888888780848700000000000002093
:1097760000000000200000000000000020000000A3
:1097860020200000040810204020100804000000DB
:10979600000000F80000F80000000000402010085B
:1097A6000408102040000000007088881020200067
:1097B6002000000000708898A8A8B88078000000F3
:1097C6000020203050507848CC00000000F0484877
:1097D60070484848F00000000078888080808088C3
:1097E6007000000000F0484848484848F000000073
:1097F60000F8485070504048F800000000F8485003
:1098060070504040E000000000384880809C884846
:109816003000000000CC484878484848CC0000009A
:1098260000F8202020202020F8000000007C1010E6
:109836001010101090E0000000EC485060505048A6
:10984600EC00000000E0404040404044FC000000C6
:1098560000D8D8D8D8A8A8A8A800000000DC486876
:1098660068585848E800000000708888888888880A
:109876007000000000F0484870404040E0000000E2
:10988600007088888888E8987018000000F04848BA
:1098960070504848EC000000007888806010088806
:1098A600F000000000F8A820202020207000000012
:1098B60000CC4848484848483000000000CC48489A
:1098C600505030202000000000A8A8A8705050502A
:1098D6005000000000D8505020205050D800000002
:1098E60000D85050202020207000000000F8901072
:1098F60020204048F800000038202020202020208A
:1099060020380000404040202010101008000000C1
:109916007010101010101010107000002050000071
:109926000000000000000000000000000000000031
:109936000000FC0020000000000000000000000005
:1099460000000000304838483C00000000C040409D
:109956007048484870000000000000003848404049
:109966003800000000180808384848483C00000045
:10997600000000003048784038000000001C20201D
:109986007820202078000000000000003C4830408D
:109996007844380000C0404070484848EC00000059
:1099A6000020000060202020700000000010000051
:1099B600301010101010E00000C040405C5070489D
:1099C600EC00000000E0202020202020F80000000D
:1099D60000000000F0A8A8A8A800000000000000F1
:1099E600F0484848EC0000000000000030484848B5
:1099F6003000000000000000F04848487040E000D9
:109A0600000000003848484838081C0000000000E4
:109A1600D8604040E00000000000000078403008B8
:109A26007800000000002020702020201800000090
:109A360000000000D84848483C0000000000000034
:109A4600EC4850302000000000000000A8A870502C
:109A56005000000000000000D8502050D800000040
:109A660000000000EC4850302020C000000000003C
:109A76007810202078000000181010102010101008
:109A860010180010101010101010101010101000E8
:109A9600602020201020202020600040A418000014
:0B9AA6000000000000000000000000B5
:04A7BE008E398F3A07
:10A7C20012A6F4E4F53BF53CE4F53DF53EAF3AAEB6
:10A7D2003912A895053EE53E7002053DC394F0E5A9
:10A7E2003D940040E8053CE53C7002053BC39440C3
:06A7F200E53B940140D29A
:01A7F800223E
:05A9BC0012AA0E7F0F3E
:0DA9C100D291C2908F80C292D292D2902289
:10A87D001425E0FFEE33FE74392FF58274003EF59A
:08A88D0083E493FE740193FFC4
:04A89500AD07AC0659
:05A89900AF0402A983D9
:0DAA0E00C291C2908F80C292D292D290224B
:10A98300D291C2908F80C292D2928D80C292D29283
:03A99300D290223D
:10A8BF00E4FDFCC3ED9FEC9E5015E4FBFA0BBB00CF
:0FA8CF00010AEB647D4A70F50DBD00010C80E4B9
:01A8DE002257
:04A4ED008E2E8F2FF1
:10A4F10012A6F4E4F530F531E52FF4FFE52EF4FE74
:10A5010012A8950531E53170020530C394F0E530AC
:10A51100940040E4E4F530F531E52FF4FFE52EF445
:10A52100FE12A895E4F532F533AF2FAE2E12A895A1
:10A531000533E53370020532C394EEE532940040F1
:10A54100E8E52FF4FFE52EF4FE12A8950531E5317B
:10A5510070020530C3943EE530940140BCE4F5300F
:10A56100F531E52FF4FFE52EF4FE12A8950531E54E
:0EA571003170020530C394F0E530940040E4F0
:01A57F0022B9
:109AB10012A6F4E4F538F539E4F52EF52FF530F575
:109AC10031F532F533F534F535E4F536F537E53171
:109AD100AE307805C333CE33CED8F9FDAC06E52FD1
:109AE10033333354F8FEE42DFFEE3CFEE5332FF51E
:109AF1003BE5323EF53AAF3BFE12A8950537E53717
:109B010070020536C3940FE536940040C1740225F6
:109B11002FF52FE4352EF52E74042531F531E4357A
:109B210030F53074022533F533E43532F53205353D
:109B3100E53570020534C39410E5349400408A057C
:109B410039E53970020538C39450E5389400500363
:109B5100029AB9E4F538F539E4F52EF52FF530F52B
:109B610031F532F533F534F535E4F536F537E52FD2
:109B71007F0033333354F8FEEF2531FFE5303EFEED
:109B8100E5332FF53BE5323EF53AAF3BFE12A895A2
:109B91000537E53770020536C3940FE5369400406A
:109BA100CD7402252FF52FE4352EF52E0535E5353B
:109BB10070020534C39410E534940040AC0539E5D6
:109BC1003970020538C39450E5389400408AE4F5B1
:109BD10038F539E4F52EF52FF530F531F532F53359
:109BE100F534F535E4F536F537E531AE307805C3B2
:109BF10033CE33CED8F9252FFFE52E3EFEE5332FA8
:109C0100F53BE5323EF53AAF3BFE12A8950537E547
:109C11003770020536C3940FE536940040CB7404C7
:109C21002531F531E43530F5300535E5357002057E
:109C310034C39410E534940040AA0539E539700223
:109C41000538C39450E53894004088E4F538F53977
:109C5100E4F52EF52FF530F531F532F533F534F520
:109C610035E4F536F537E52F2531FFE52E3530FEA4
:109C7100E5332FF53BE5323EF53AAF3BFE12A895B1
:109C81000537E53770020536C3940FE53694004079
:109C9100D574022533F533E43532F5320535E53532
:109CA10070020534C39410E534940040B40539E5DD
:0E9CB1003970020538C39450E5389400409293
:019CBF002282
:10A32B00E4F530F531F532F533755A01755B3F12B3
:10A33B00A6FBE4F52FE4F52E0531E531AE307002C6
:10A34B00053012A87D052EE52EC3947840EAE4F57E
:10A35B002E0533E533AE327002053212A87D052E81
:10A36B00E52EC3947840EA052FE52FC394A040C592
:10A37B00E4F530F531F532F533F52FE4F52E0531F3
:10A38B00E531AE307002053012A87D052EE52EC3E7
:10A39B00947840EAE4F52E0533E533AE32700205CE
:10A3AB003212A87D052EE52EC3947840EA052FE5E1
:06A3BB002FC394A040C571
:01A3C1002279
:10A07800D2A67F017E0012A8BFC2A67F0A12A8BF7F
:10A08800D2A67F3212A8BF7F1112AA0E7F7812A81B
:10A09800BF7FB212AA0E7F0C12A9C112A9C1E4FF98
:10A0A80012A9C17F3312A9C112A9C17F3512AA0E04
:10A0B800FF12A9C17F3612AA0EFF12A9C17F3A1258
:10A0C800AA0E7F0512A9C17FB712AA0E7F0612A990
:10A0D800C17FBB12AA0E7F1A12A9C17FC012AA0E95
:10A0E8007F2C12A9C17FC212AA0E7F0112A9C17FBB
:10A0F800C312AA0E7F0512A9C17FC612A9BC7FD0C0
:10A1080012AA0E7FA712A9C17FD012AA0E7FA4128D
:10A11800A9C17FA112A9C17FD612AA0E7FA112A937
:10A12800C17FE012A9BC7F1212A9C17F1412A9C174
:10A138007F0812A9C17F0612A9C17F2312A9C17F76
:10A148002F12A9C17F4412A9C10F12A9C17F2A12D7
:10A15800A9C17F1612A9C112A9C17F2512A9C17F61
:10A168002812A9C17FE112A9BC12A9C17F1212A9A4
:10A17800C17F0612A9C17F0412A9C1FF12A9C17F1C
:10A188002E12A9C17F4312A9C10F12A9C17F3B1288
:10A19800A9C17F1812A9C10F12A9C17F2612A9C18E
:0FA1A8007F2912A9C17F2112AA0E7F2902AA0EB8
:0AAA27007F2812AA0E7F1002AA0E6B
:10A9CE007F1112AA0E7F787E0012A8BF7F2902AADD
:01A9DE000E6A
:08A28C008B4C8D828C83AD0721
:10A294007553FF755496755539ED2407FDAB82AAA5
:10A2A40083E582240BF55BE43583F55A12A700E5B8
:10A2B4004C24E0FFE434FFFE7C007D0C129E03EF8F
:10A2C4002555F555EE3554F554E4F552E4F551AB06
:10A2D40053AA54A955129DB6FD7C00C37407955129
:10A2E400FF74017E00A807088005C333CE33CED89F
:10A2F400F9FFEE5CFEEF5D4E6007E54DFFAD4E806D
:10A3040005E54FFFAD5012A9830551E551C39408EB
:10A3140040BD74012555F555E43554F5540552E511
:06A3240052C3940C40A698
:01A32A002210
:04A65C007D28FCFE5B
:06A660008B3D8A3E893F9C
:10A666008E448F458C468D47AB3DAA3EA93F129D31
:10A67600B6FB602F85404D85414E85424F85435040
:10A68600AD47AC46AF45AE4412A28C74072545F5DE
:10A6960045E43544F5447401253FF53FE4353EF580
:03A6A6003E80C52E
:01A6A900228E
:0CA6F400755A01755B3FE4FBFA7DEFFF37
:10A70000AE077F2A12AA0E7F0012A9C1AF0612A9B6
:10A71000C17F0012A9C1AF0512A9C17F2B12AA0ED9
:10A72000AF0212A9C1AF0312A9C1E55AFF12A9C114
:0AA73000AF5B12A9C17F2C02AA0E34
:0FA93900D2B07F057E0012A948D2B17F057E0003
:0BA94800EF1FAC0670011E4C70F622E1
:10A9DF0012A939C2B012A944C2B17F057E0002A9E3
:01A9EF00481F
:10A99600C2B012A93BD2B012A944C2B17F057E0053
:03A9A60002A948BB
:08A82A0012A9DF7F2A12A91E0A
:10A83200D200E4FDD2B07F05FE12A948D2B1000DCC
:10A84200EDD394FA400612A9967F0122C2B112A951
:03A85200447F0040
:01A8550022E0
:10A9F000C2B1C2B012A93BC2B17F057E0002A94814
:0EAA0000C2B112A939C2B17F057E0002A94879
:02A91E00AD0783
:10A92000E4FBC2B1ED3392B0ED25E0FD12A93BC2CC
:08A93000B112A9440BBB08EAB7
:01A9380022FC
:02A7F900AD07AA
:10A7FB00E4FBC2B1D2B0FA0012A942EB25E0FB3068
:10A80B00B00343030112A944C2B112A9440ABA0806
:0EA81B00E6ED600512AA00800312A9F0AF035B
:01A82900220C
:10A89E00AA05A90712A82AAF0112A91E12A832AF43
:10A8AE000212A91E12A83212A9967F0A7E0002A9D0
:01A8BE004851
:02A85600AA074F
:10A85800E4FD12A82AAF0212A91E12A83212A9DF1B
:10A868007F2B12A91E12A8327F0112A7F9AD071279
:04A87800A996AF05E9
:01A87C0022B9
:08A73A008B428A4389448D45DE
:10A7420012A9DF7F2B12A91E12A832E4F546E546B4
:10A75200C395455023E54514B546047F018002E4C4
:10A76200FF12A7F9AB42AA43A9448546827583002A
:0BA77200EF129DE1054680D602A9967B
:0AA77D008A398B3A8D828C83AD0778
:10A78700EF24FEFFED2402FDE58224FEFBE5833482
:10A79700FFFAE5822402F55BE43583F55A12A70038
:10A7A700E4FBFAE539FFAD3A12A9830BBB00010AB6
:06A7B700EB64194A70ED8D
:01A7BD002279
:08A459007E007B007A007935DA
:10A461008E398F3A8B3B8A3C893D7C037DE8129E75
:10A4710015EF2430129DCFAE39AF3A7C037DE8123F
:10A481009E157E007F64CFCDCFCECCCE129E15EF30
:10A491002430AB3BAA3CA93D900001129DE1AE39AD
:10A4A100AF3A7C007D64129E157E007F0ACFCDCF2E
:10A4B100CECCCE129E15EF2430AB3BAA3CA93D90E9
:10A4C1000002129DE1AE39AF3A7C007D64129E1507
:10A4D1007E007F0ACFCDCFCECCCE129E15ED24309B
:0CA4E100AB3BAA3CA93D900003029DE1AA
:0300030002AA311D
:07AA310020B2037518013289
:10A6AA00E4F54112A82AE4FF12A91E12A83212A93F
:10A6BA00967B007A0079397D0812A73A853A128585
:10A6CA003B17E517700AF513F514F515F516FF2271
:10A6DA00E53C540FF513E53DF514E53E540FF51529
:09A6EA00E53FF516754101AF4191
:01A6F3002244
:10A8FF00E4F513F514F515F516C2B37F32FE12A861
:0FA90F00BFD2B37F6412A8BF7D717FFA02A89EEA
:10A1B70078357C007D007BFF7A9A79AD7E007F043D
:10A1C700129D90D288D2A8D2AF752F0075301E7518
:10A1D70031007532787533077534E07512FF12A8B0
:10A1E700FFE4FFFE12A7BE7FA712A856A9077FA903
:10A1F70012A8568F2EAF0112A4597BFF7A00790659
:10A207007540F8754100E4F542F5437F0A12A65CF4
:10A217007B007A0079357540F8754100E4F542F521
:10A22700437F5012A65CAF2E12A4597BFF7A0079A8
:10A23700117540F8754100E4F542F5437D37FC7F21
:10A247000AFE12A6607B007A0079357540F87541E1
:10A2570000E4F542F5437D37FC7F50FE12A66030DF
:10A26700A722E518B401F8C2A812A6AAE4F518FBBC
:10A277007AF8AD16AC15AF14AE1312A77D30B2E95C
:04A28700D2A880DBFE
:01A28B0022B0
:07A953007FFF12A95A7FFFEC
:10A95A007E08C297EF339295EF25E0FFD297DEF299
:02A96A00D29584
:01A96C0022C8
:10A9A9007E08C297D297EF25E0FF3096034307014F
:02A9B900DEF0CE
:01A9BB002279
:10A96D00E4FC12A9A9AD07ED6009ED640160040CCA
:05A97D00BC09EFAF056D
:01A9820022B2
:10A8DF00EF4440FF12A95AAF3812A95AAF3912A943
:10A8EF005AAF3A12A95AAF3B12A95AAF3C02A95A12
:10A5F500E4F52EF52FF530F5317D01D294FC7FFF82
:10A6050012A95A0CBC0AF7C294E4F53BF53AF539A0
:10A61500F538753C95FF12A8DF12A96DAD07ED64FD
:10A625000160037F0022BD0124D2947FFF12A95A45
:10A63500C294753B00753AC07539FF753800753C95
:10A64500FF7F0112A8DF12A96DAD0780D9D2947FD3
:06A65500FF12A95A7F016B
:01A65B0022DC
:0EA3C2008B088A09890A8F0E8E0D8D0C8C0B6C
:10A3D000C2948F3B8E3A8D398C38753CFF7F1812B2
:10A3E000A8DF12A96DEF706E12A9537FFF12A95A50
:10A3F0007FFE12A95AE4FDFCC3ED9510EC950F50B9
:10A400001CAB08050AE50AAA097002050914F9122D
:10A410009DB6FF12A95A0DBD00010C80DBC3EC9460
:10A4200002500CE4FF12A95A0DBD00010C80EE127F
:10A43000A95312A9A9AD0712A9A9EF60FA53050FF4
:10A44000D2947FFF12A95ABD0B037F0022BD0503E2
:08A450007F01227F00227F0042
:01A4580022E1
:0EA580008B2E8A2F89308F348E338D328C31A2
:10A58E00C2948F3B8E3A8D398C38753CFF7F1112F9
:10A59E00A8DF12A96DEF704C12A9A9BFFEFAE4FD57
:10A5AE00FCC3ED9536EC9535501C12A9A9AB2E05C2
:10A5BE0030E530AA2F7002052F14F9EF129DCF0D42
:10A5CE00BD00010C80DBC3EC9402500A12A9A90D48
:10A5DE00BD00010C80F012A9A912A9A9D29412A94A
:06A5EE00A97F01227F009D
:01A5F4002244
:109ECA00E4F521F528F529F5937594FFF591759236
:109EDA00FF7590FF75A0FF75B0FF7580FF12A0781F
:109EEA0012A1B7E4FFFE12A7BE7BFF7A00791B75A9
:109EFA00400075411FE4F542F5437D3CFC7F3CFE82
:109F0A0012A6607BFF7A00792D7540F8754100E44E
:109F1A00F542F5437D64FC7F50FE12A66020A7FD42
:109F2A007F007EF812A4ED20A7FD7FE07E0712A431
:109F3A00ED20A7FD7F1F7E0012A4ED20A7FD7FFF65
:109F4A007E0712A4ED20A7FD7FE07EFF12A4ED207C
:109F5A00A7FD7F1F7EF812A4ED20A7FD74FFFFFE68
:109F6A0012A7BE20A7FD129AB120A7FD12A32B208B
:109F7A00A7FD12A5F575260075270A752D00752C03
:109F8A00F2752B34752A00E5271527AE26700215BF
:109F9A00264E7003029EEA755A01755B40E4FBFA8D
:109FAA007DF0FF12A700E4F525F524F523F522E458
:109FBA007F2C7E01FDFCAB25AA24A923A822C3126B
:109FCA009EB95074E4FF7E02FDFCA822129E6AEF3D
:109FDA00252DFFEE352CFEED352BFDEC352AFC75D3
:109FEA0035027536007B017A00790012A580E4FB00
:109FFA00FAEB25E0FDEA33FC74002DF58274003C8F
:10A00A00F583E0FF74012DF58274003CF583E0FDD1
:10A01A0012A9830BBB00010AE4B503D5EAB401D146
:10A02A00E5252401F525E43524F524E43523F52333
:10A03A00E43522F522029FB9E5252414FFE43524EC
:10A04A00FEE43523FDE43522FCE4FB7A02F9F8123A
:10A05A009E6AE52D2FF52DE52C3EF52CE52B3DF5D9
:0EA06A002BE52A3CF52A20A703029F9180F8DF
:0300000002AA1B36
:0CAA1B00787FE4F6D8FD75815B029ECACE
:109CC000E709F608DFFA8046E709F208DFFA803E86
:109CD00088828C83E709F0A3DFFA8032E309F60873
:109CE000DFFA8078E309F208DFFA807088828C83DB
:109CF000E309F0A3DFFA806489828A83E0A3F6088F
:109D0000DFFA805889828A83E0A3F208DFFA804C68
:109D100080D280FA80C680D4806980F2803380103F
:109D200080A680EA809A80A880DA80E280CA8033A8
:109D300089828A83ECFAE493A3C8C582C8CCC58320
:109D4000CCF0A3C8C582C8CCC583CCDFE9DEE780F0
:109D50000D89828A83E493A3F608DFF9ECFAA9F06F
:109D6000EDFB2289828A83ECFAE0A3C8C582C8CCC5
:109D7000C583CCF0A3C8C582C8CCC583CCDFEADEDE
:109D8000E880DB89828A83E493A3F208DFF980CC40
:109D900088F0EF60010E4E60C388F0ED2402B40439
:109DA0000050B9F582EB2402B4040050AF232345E0
:069DB0008223909D107358
:109DB600BB010689828A83E0225002E722BBFE02AB
:099DC600E32289828A83E49322DE
:109DCF00BB010689828A83F0225002F722BBFE0173
:029DDF00F3226D
:109DE100F8BB010DE58229F582E5833AF583E8F0B8
:109DF100225006E92582C8F622BBFE05E92582C864
:029E0100F2224B
:109E0300EF8DF0A4A8F0CF8CF0A428CE8DF0A42E73
:029E1300FE222D
:109E1500BC000BBE0029EF8DF084FFADF022E4CC31
:109E2500F875F008EF2FFFEE33FEEC33FCEE9DECFA
:109E3500984005FCEE9DFE0FD5F0E9E4CEFD22ED40
:109E4500F8F5F0EE8420D21CFEADF075F008EF2F8A
:109E5500FFED33FD4007985006D5F0F222C398FD7B
:059E65000FD5F0EA2218
:109E6A00E88FF0A4CC8BF0A42CFCE98EF0A42CFC97
:109E7A008AF0EDA42CFCEA8EF0A4CDA8F08BF0A415
:109E8A002DCC3825F0FDE98FF0A42CCD35F0FCEB74
:109E9A008EF0A4FEA9F0EB8FF0A4CFC5F02ECD3939
:0F9EAA00FEE43CFCEAA42DCE35F0FDE43CFC22A6
:109EB900EB9FF5F0EA9E42F0E99D42F0E89C45F0FF
:019EC9002276
:00000001FF
